ID	위치	구분	화자	원문	번역
00387	0A1D:0:0	대사	9C	WHEEE...I'M A RED FEATHER! I HELP KAZOOIE FLY, WHEN SHE KNOWS HOW!	우와아...난 빨간 깃털이야! 카주이가 나는 법을 알게 되면 나는 걸 도와줘!
00388	0A1E:0:0	대사	9D	LUCKY YOU! I'M AN INVULNERABILITY FEATHER! BOTTLES WILL TELL YOU MORE...	운이 좋네! 난 무적 깃털이야! 자세한 건 보틀스가 알려줄 거야...
00389	0A1F:0:0	대사	A0	MMMM...I'M STICKY TASTY HONEY ENERGY!	으음...난 끈적끈적 맛있는 꿀 에너지야!
00390	0A20:0:0	대사	A1	I'M AN EXTRA HONEYCOMB PIECE! COLLECT SIX OF US TO INCREASE YOUR ENERGY BAR!	난 여분의 벌집 조각이야! 나 같은 걸 여섯 개 모으면 에너지 바가 늘어나!
00391	0A21:0:0	대사	A2	LOOK OUT FOR ME, I'M AN EXTRA LIFE!	나를 조심해, 난 여분의 목숨이야!
00392	0A22:0:0	대사	A5	HA! DON'T THINK YOU CAN USE THESE UNTIL YOU'VE FOUND OUT HOW!	하! 사용법을 알아내기 전까진 이걸 쓸 수 있을 거라 생각하지 마!
00393	0A23:0:0	대사	A6	HEY! KEEP YOUR FEET OUT! YOU CAN'T USE US UNTIL YOU'VE SPOKEN TO BOTTLES...	이봐! 발 치워! 보틀스한테 얘기 듣기 전까진 우릴 쓸 수 없어...
00394	0A24:0:0	대사	A4	TOUCH MY HONEY THIS TIME AND YOU'LL BE SORRY!	이번에 내 꿀을 건드리면 후회하게 될 거야!
00395	0A25:0:0	대사	84	TOO HOT FOR MAGIC. MUMBO WANT SUN TAN.	마법 쓰기엔 너무 더워. 멈보는 선탠하고 싶어.
00396	0A26:0:0	대사	84	MUMBO BUSY, SWEEP MANY LEAVES. NO MAGIC TODAY.	멈보 바빠, 낙엽 많이 쓸어. 오늘은 마법 없어.
00397	0A27:0:0	대사	A4	MUMBO'S ON VACATION, YOU HAIRY FOOL! COME BACK IN SPRING...	멈보는 휴가 중이야, 이 털북숭이 바보야! 봄에 다시 와...
00398	0A28:0:0	대사	84	AHH...BANJO HAS PLENTY TOKENS. STAND ON SKULL AND PRESS B TO SEE MIGHTY MUMBO MAGIC!	아아...반조는 토큰 충분히 있네. 해골 위에 서서 B 눌러 봐, 강력한 멈보 마법 보여줄게!
00399	0A29:0:0	대사	84	BANJO NOT GOT ENOUGH TOKENS FOR MUMBO MAGIC. LOOK AT SIGN, BRING MORE.	반조 멈보 마법 쓸 토큰 부족해. 표지판 봐, 더 가져와.
00400	0A2A:0:0	대사	84	CAN'T HAVE MAGIC. LOOK AT SIGN, GO AWAY, BRING MORE!	마법 못 줘. 표지판 봐, 가, 더 가져와!
00401	0A2B:0:0	대사	84	PUMPKIN MAKING MUMBO HUNGRY. ME GET POT READY...!	호박 때문에 멈보 배고파져. 나 냄비 준비할게...!
00402	0A2C:0:0	대사	84	AHH...YOU FIND BIG HIDDEN FEATURE SPELL! MUMBO TURN BANJO INTO T-REX, CRUSH WITCH EASY!	아아...너 큰 숨겨진 비법 주문 찾았네! 멈보 반조를 티렉스로 바꿔 줄게, 마녀 쉽게 박살 내!
00403	0A2D:0:0	대사	84	CHANGED MIND, T-REX SPELL TOO GOOD FOR THIS GAME. MUMBO KEEP FOR NEXT GAME!	마음 바꿨어, 티렉스 주문은 이 게임엔 너무 과해. 멈보 다음 게임을 위해 아껴 둘게!
00404	0A2E:0:0	대사	84	UMM...SPELL WENT WRONG. MUMBO'S LOINCLOTH ALL DIRTY, YOU WASH? HUR...HUR!	음...주문이 잘못됐어. 멈보 샅바 다 더러워졌어, 네가 빨래해? 흐흐...흐흐!
00405	0A2F:0:0	대사	84	BANJO MUST STAND STILL OR SPELL GO ALL FUNNY...	반조는 가만히 서 있어야 해, 안 그럼 주문 이상하게 꼬여...
00406	0A30:0:0	대사	84	MUMBO GET NEW STICK, THIS ONE NOT WORK WELL...	멈보 새 지팡이 구해야 해, 이건 잘 안 돼...
00407	0A31:1:0	대사	80	OOOH...AN EGG! I'M SURE WE'LL FIND A USE FOR THIS SOMEWHERE...	오오오...알이다! 분명 언젠가 이걸 쓸 데가 있을 거야...
00408	0A32:1:0	대사	80	WOW...ANOTHER ONE OF THOSE SPECIAL EGGS!	우와...또 그 특별한 알이잖아!
00409	0A33:1:0	대사	81	COOL...AN ENORMOUS ICE KEY! WE OUGHT TO KEEP THIS FOR LATER...	멋지다...엄청나게 큰 얼음 열쇠야! 나중을 위해 챙겨 두자...
00410	0A34:0:0	대사	84	HEY, THAT MUCH BAD MAGIC! WASHER NOT AS GOOD AS BEAR, DON'T COME BAWLING TO MUMBO IF CAN'T GET THROUGH ALL WORLDS...	이봐, 저렇게나 나쁜 마법이라니! 세탁기는 곰만큼 좋지 않아, 모든 세계 못 깨도 멈보한테 울면서 오지 마...
00411	0A35:0:0	대사	83	LISTEN UP! I'M BOTTLES, THE SHORT-SIGHTED MOLE.	잘 들어! 나는 보틀스, 근시 두더지야.
00412	0A35:0:2	대사	83	SURE IS A STRANGE LOOKING BUDDY BANJO, CAN IT TALK?	반조, 친구가 참 이상하게 생겼네. 저거 말할 줄은 알아?
00413	0A35:0:4	대사	83	THE UGLY WITCH GRUNTILDA SWOOPED DOWN OUT OF THE SKY AND GRABBED HER!	못생긴 마녀 그런틸다가 하늘에서 쑥 내려와서 그 애를 붙잡아 갔어!
00414	0A35:0:6	대사	83	SHE FLEW UP TO HER MOUNTAIN LAIR!	그 마녀는 자기 산속 소굴로 날아갔지!
00415	0A35:0:8	대사	83	IT'S REALLY DANGEROUS, SO YOU'LL PROBABLY NEED SOME TRAINING BEFORE YOU GO UP THERE.	정말로 위험해서, 거기 올라가기 전에 아마 훈련이 좀 필요할 거야.
00416	0A35:1:1	대사	80	I'M BANJO, AND THIS HERE'S MY BUDDY KAZOOIE.	난 반조고, 이쪽은 내 친구 카주이야.
00417	0A35:1:3	대사	81	BETTER THAN YOU CAN, GOGGLE BOY!	너보다 잘하거든, 안경잡이!
00418	0A35:1:4	대사	80	WHAT WAS ALL THAT NOISE ABOUT, WHERE'S MY SISTER TOOTY?	그 소란이 다 뭐였어, 내 동생 투티는 어디 있어?
00419	0A35:1:6	대사	81	CALM DOWN, GEEKY, WE'LL GET HER BACK! WHERE DID SHE GO?	진정해, 괴짜야, 우리가 데려올 거야! 어디로 갔는데?
00420	0A36:0:1	대사	83	HELLO AGAIN! LET'S START WITH THE CAMERA CONTROLS, THEY'RE ON THE YELLOW C BUTTONS.	또 만났네! 카메라 조작부터 시작하자, 노란 C 버튼에 있어.
00421	0A36:0:3	대사	83	TRY THIS THEN, BEAKY! TAP R TO MOVE THE CAMERA BEHIND BANJO!	그럼 이거 해 봐, 부리양! R 톡 눌러서 카메라를 반조 뒤로 옮겨 봐!
00422	0A36:0:5	대사	83	NO...HOLD R TO KEEP THE CAMERA BEHIND YOUR FEATHERY BUTT! TRY IT OUT, I'LL SEE YOU AT THE NEXT MOLEHILL.	아니...R 길게 눌러서 카메라를 네 깃털 엉덩이 뒤에 계속 두는 거야! 한번 해 봐, 다음 두더지 굴에서 보자.
00423	0A36:1:0	대사	80	ERRR...ANYONE HOME?	어어...누구 없어요?
00424	0A36:1:2	대사	81	GEEZ...THAT'S NOTHING SPECIAL!	쳇...별거 아니네!
00425	0A36:1:4	대사	81	IS THAT ALL WORM BREATH?	그게 다야, 지렁이 숨결?
00426	0A37:0:0	대사	83	YOU CAN MOVE THE CAMERA VIEW WITH THE YELLOW C BUTTONS. TAP R TO MOVE THE CAMERA BEHIND YOU, AND HOLD R TO KEEP THE CAMERA THERE.	노란 C 버튼으로 카메라 시점을 움직일 수 있어. R 톡 눌러서 카메라를 네 뒤로 옮기고, R 길게 눌러서 카메라를 거기 계속 두는 거야.
00427	0A38:0:0	대사	83	HMMM...YOUR JUMP COULD DO WITH SOME HELP.	흐음...네 점프는 도움이 좀 필요하겠는걸.
00428	0A38:0:2	대사	83	MORE THAN YOU! PRESS A TO JUMP, AND HOLD IT TO JUMP HIGHER.	너보다야 낫지! A 눌러서 점프하고, 누르고 있으면 더 높이 뛰어.
00429	0A38:1:1	대사	81	PAH! WHAT DO MOLES KNOW ABOUT JUMPING?	흥! 두더지가 점프에 대해 뭘 알아?
00430	0A39:0:0	대사	83	C'MON FEATHERS...YOU CAN GIVE HIM A HAND!	자 깃털 친구야...도와줄 수 있잖아!
00431	0A39:0:2	대사	83	JUMP, THEN PRESS A AGAIN IN THE AIR FOR A DOUBLE JUMP!	점프하고, 공중에서 A 한 번 더 눌러서 더블 점프!
00432	0A39:1:1	대사	81	WHY? I'LL LOOK SILLY, I KNOW IT!	왜? 바보 같아 보일 거라고, 나도 안다고!
00433	0A3A:0:1	대사	83	NOT UNTIL YOU LEARN THIS ONE. FIRST, YOU MUST STAND LIKE THIS...	이걸 배우기 전까진 안 돼. 먼저, 이렇게 서야 해...
00434	0A3A:0:3	대사	83	I'M NOT LISTENING...HOLD Z, THEN PRESS A FOR THE MIGHTY FLAPFLIP JUMP!	안 듣고 있어...Z 누른 채로 A 눌러서 강력한 플랩플립 점프!
00435	0A3A:1:0	대사	81	THAT'S IT, WE'RE READY TO MOVE ON!	그래, 이제 나아갈 준비됐어!
00436	0A3A:1:2	대사	81	WHAT, WEARING RIDICULOUS GLASSES AND A SILLY GRIN?	뭐, 우스꽝스러운 안경이랑 바보 같은 미소 짓고?
00437	0A3B:0:0	대사	83	THAT'S ALL THE JUMPS, KEEP PRACTICING!	점프는 이게 다야, 계속 연습해!
00438	0A3C:0:0	대사	83	PRESS A TO JUMP. PRESS A AGAIN WHILE YOU ARE JUMPING FOR A DOUBLE JUMP. HOLD Z AND PRESS A FOR THE FLAPFLIP JUMP.	A 눌러서 점프. 점프 중에 A 한 번 더 눌러서 더블 점프. Z 누른 채로 A 눌러서 플랩플립 점프.
00439	0A3D:0:0	대사	83	FANCY LEARNING TO SWIM UNDERWATER?	물속에서 수영하는 법 배워 볼래?
00440	0A3D:0:2	대사	83	USE THE CONTROL STICK TO SWIM ON THE SURFACE. TO SWIM UNDERWATER, PRESS B TO DIVE. GO ON, GIVE IT A TRY!	컨트롤 스틱으로 수면에서 수영해. 물속에서 수영하려면 B 눌러서 잠수해. 자, 한번 해 봐!
00441	0A3D:1:1	대사	80	OOOH...SOUNDS DIFFICULT, AND I'LL GET MY FUR WET!	오오오...어려워 보이는데, 털 다 젖겠어!
00442	0A3D:1:2	대사	81	C'MON BANJO, I WANT TO SWIM! SPILL THE BEANS,  SPECKY!	자 반조, 나 수영하고 싶어! 빨리 말해, 안경쟁이!
00443	0A3E:0:0	대사	83	WHILE UNDERWATER, BANJO CAN PRESS A TO KICK HIS LEGS AND THE WINGED WONDER CAN PRESS B TO USE HER WINGS.	물속에서는, 반조는 A 눌러서 다리로 차고 날개 달린 경이로운 녀석은 B 눌러서 날개를 쓸 수 있어.
00444	0A3F:0:0	대사	83	USE THE CONTROL STICK TO SWIM ON THE SURFACE, THEN PRESS B TO DIVE UNDERWATER.	컨트롤 스틱으로 수면에서 수영하고, B 눌러서 물속으로 잠수해.
00445	0A40:0:0	대사	83	PRESS B WHEN SWIMMING ON THE SURFACE TO DIVE. WHILE UNDERWATER, PRESS A TO SWIM SLOWLY OR B TO SWIM QUICKLY.	수면에서 수영 중에 B 누르면 잠수해. 물속에서는, A 눌러서 천천히 수영하거나 B 눌러서 빠르게 수영해.
00446	0A41:0:0	대사	83	BANJO, IT'S TIME FOR YOU TO LEARN THE CLAW SWIPE ATTACK.	반조, 이제 발톱 할퀴기 공격을 배울 시간이야.
00447	0A41:0:2	대사	83	SIMPLY PRESS B WHEN STANDING STILL OR MOVING SLOWLY.	가만히 서 있거나 천천히 움직일 때 그냥 B 누르면 돼.
00448	0A41:0:4	대사	83	WELL, HOW ABOUT BIRD BRAIN?	자, 새대가리는 어때?
00449	0A41:0:6	대사	83	ONLY KIDDING, LET ME FIND SOMETHING WITH A CHALLENGE.	농담이야, 도전할 만한 걸 찾아볼게.
00450	0A41:0:8	대사	83	AHH...THERE'S TOPPER. WHACK HIM BANJO!	아아...토퍼가 있네. 때려 봐 반조!
00451	0A41:1:1	대사	80	WHAT IS IT...I MUST KNOW!	그게 뭐야...알아야겠어!
00452	0A41:1:3	대사	80	SOUNDS GOOD, WHAT CAN I TRY IT OUT ON?	좋은데, 뭐에다 시험해 볼 수 있지?
00453	0A41:1:5	대사	81	JUST TRY IT, BOTTLE BOY!	그냥 해 봐, 병 소년!
00454	0A42:0:0	대사	83	PRESS B WHILE STANDING STILL FOR A CLAW SWIPE. RUN AND PRESS B TO USE THE ROLLING ATTACK. JUMP AND PRESS B FOR YOUR JUMPING PECK MOVE.	가만히 서서 B 누르면 발톱 할퀴기. 달리면서 B 누르면 구르기 공격. 점프하면서 B 누르면 점프 쪼기 기술.
00455	0A43:0:0	대사	83	HEY BANJO, I HOPE YOU'RE NOT AFRAID OF HEIGHTS...	이봐 반조, 고소공포증은 없었으면 좋겠는데...
00456	0A43:0:2	대사	83	NOT YET! BANJO, JUMP ONTO A TREE, THEN USE THE CONTROL STICK TO CLIMB UP OR DOWN!	아직은 아냐! 반조, 나무에 점프해서, 컨트롤 스틱으로 위아래로 올라가고 내려가 봐!
00457	0A43:1:1	대사	81	I'M NOT! TELL ME ABOUT FLYING, ROOT MUNCHER!	난 아니거든! 나는 법이나 말해 봐, 뿌리 씹는 녀석아!
00458	0A44:0:0	대사	83	YOU'LL FIND PLENTY OF OTHER THINGS TO CLIMB!	올라갈 만한 다른 것도 잔뜩 찾을 거야!
00459	0A45:0:0	대사	83	JUMP ONTO A TREE AND USE THE CONTROL STICK TO CLIMB UP AND DOWN.	나무에 점프해서 컨트롤 스틱으로 위아래로 올라가고 내려가.
00460	0A46:0:0	대사	83	MY BEAK BARGE ATTACK NEEDS THE HELP OF OLD CHICKEN LEGS.	내 부리 돌진 공격엔 저 늙은 닭다리의 도움이 필요해.
00461	0A46:0:2	대사	83	HOLD Z, THEN PRESS B FOR A POWERFUL BEAKY BARGE!	Z 누른 채로 B 눌러서 강력한 부리 돌진!
00462	0A46:1:1	대사	81	AT LEAST I'VE GOT SOME LEGS, SHORT STUFF!	적어도 난 다리는 있거든, 땅딸보!
00463	0A47:0:0	대사	83	SEE BANJO, SHE IS USEFUL FOR SOMETHING!	봐 반조, 얘도 쓸모가 있잖아!
00464	0A47:1:1	대사	81	I'M TRYING THIS MOVE OUT ON YOU NEXT, JAM JARS!	다음엔 이 기술을 너한테 시험해 볼 거야, 잼통!
00465	0A48:0:0	대사	83	HOLD Z, THEN PRESS B TO USE THE BEAK BARGE.	Z 누른 채로 B 눌러서 부리 돌진을 써.
00466	0A49:0:1	대사	83	EXPLORE THIS AREA AND LOOK OUT FOR MY MOLEHILLS. STAND NEXT TO THEM AND PRESS B TO CALL ME. SEE YOU SOON!	이 지역을 탐험하면서 내 두더지 굴을 찾아봐. 옆에 서서 B 누르면 나를 부를 수 있어. 곧 보자!
00467	0A49:1:0	대사	80	WE'D LIKE SOME HELP BOTTLES, WHAT DO WE DO?	도움이 필요해 보틀스, 뭘 하면 돼?
00468	0A4A:0:0	대사	83	FIND ANOTHER MOLEHILL AND PRESS B, I'LL SPEAK TO YOU THERE.	다른 두더지 굴 찾아서 B 눌러, 거기서 얘기해 줄게.
00469	0A4B:0:1	대사	83	MMM...VERY WELL. I'LL GIVE YOU YOUR BASIC MOVES,	으음...좋아. 기본 동작들을 가르쳐 줄게,
00470	0A4B:0:3	대사	83	MEET ME AT THE TOP OF SPIRAL MOUNTAIN.	나선산 꼭대기에서 보자.
00471	0A4B:1:0	대사	81	YOU BET WE'RE GOOD ENOUGH, BOTTLE BRAIN!	우리가 충분히 잘한다는 데 걸지, 병머리야!
00472	0A4C:0:0	대사	83	YOU SAID YOU DIDN'T NEED MY HELP, SO YOU'RE ON YOUR OWN UNTIL YOU GET INSIDE!	내 도움 필요 없다고 했잖아, 그럼 안으로 들어갈 때까지 혼자 해!
00473	0A4D:0:0	대사	83	I'M STILL NOT HELPING YOU, SO GO AWAY!	아직도 안 도와줄 거야, 그러니 저리 가!
00474	0A4E:0:0	대사	83	THIS ISN'T FUNNY NOW, STOP CALLING ME!	이제 안 웃기거든, 그만 불러!
00475	0A4F:0:0	대사	83	THIS IS YOUR LAST WARNING, DON'T DO IT AGAIN!	이게 마지막 경고야, 다신 하지 마!
00476	0A50:0:0	대사	83	YOU'VE ASKED FOR THIS...I'M ERASING YOUR GAME PAK!	이러길 바란 거지...네 게임팩 지워 버릴 거야!
00477	0A50:0:1	대사	83	3.....	3.....
00478	0A50:0:2	대사	83	2.....	2.....
00479	0A50:0:3	대사	83	1.....	1.....
00480	0A50:0:5	대사	83	OKAY, LET'S GET ON WITH RESCUING TOOTY THEN SHALL WE?	좋아, 그럼 투티 구하러 가 볼까?
00481	0A50:1:1	대사	80	NO! WE'RE SORRY BOTTLES, WE WON'T DO IT AGAIN!	아니! 미안해 보틀스, 다신 안 그럴게!
00482	0A51:0:0	대사	83	STOP WASTING TIME, BANJO! TOOTY NEEDS RESCUING!	시간 낭비 그만해, 반조! 투티를 구해야 해!
00483	0A52:0:0	대사	83	HEY! WHERE ARE YOU GUYS GOING?	이봐! 다들 어디 가는 거야?
00484	0A52:0:2	대사	83	YOU HAVEN'T LEARNED ALL THE BASICS YET, SHE'LL KICK YOUR BUTT!	아직 기본기를 다 안 배웠잖아, 그 마녀한테 혼쭐날 거야!
00485	0A52:0:4	대사	83	THE BRIDGE IS BROKEN AND I'M NOT FIXING IT UNTIL YOU LEARN ALL THE MOVES.	다리가 부서졌는데 네가 모든 동작을 배울 때까지 안 고쳐 줄 거야.
00486	0A52:1:1	대사	80	WE'RE OFF TO WHACK THE WITCH AND RESCUE TOOTY!	우린 마녀를 때려눕히고 투티를 구하러 간다!
00487	0A52:1:3	대사	81	SHE CAN TRY, THE OLD HAG!	해 보라지, 저 늙은 마녀!
00488	0A52:1:5	대사	80	C'MON KAZOOIE, LET'S GO AND FIND THE ONES WE MISSED...	가자 카주이, 놓친 것들 찾으러 가자...
00489	0A53:0:0	대사	83	I'M NOT FIXING THE BRIDGE YET, YOU'VE STILL GOT MOVES TO LEARN BEFORE YOU CAN GO AFTER TOOTY!	아직 다리 안 고쳐 줄 거야, 투티 쫓아가기 전에 배울 동작이 아직 남았어!
00490	0A54:0:0	대사	83	THAT'S IT, YOU'VE LEARNED ALL THE BASIC MOVES! MEET ME AT THE TOP OF THE SPIRAL MOUNTAIN AND I'LL TELL YOU WHAT TO DO NEXT.	그래, 기본 동작을 다 배웠구나! 나선산 꼭대기에서 만나, 다음에 뭘 해야 할지 알려 줄게.
00491	0A55:0:0	대사	83	WELL DONE GUYS, YOU'RE READY TO TACKLE THE WITCH NOW!	잘했어 다들, 이제 마녀에게 맞설 준비가 됐어!
00492	0A55:0:2	대사	83	I'VE FIXED THE BRIDGE SO YOU CAN CROSS IT AND ENTER GRUNTILDA'S LAIR.	다리를 고쳐 놨으니 건너서 그런틸다의 소굴로 들어갈 수 있어.
00493	0A55:0:4	대사	83	LOOK OUT FOR ME INSIDE...GOOD LUCK!	안에서 나 찾아봐...행운을 빌어!
00494	0A55:1:1	대사	81	WE SURE ARE! SHOW US THE WAY, BOTTLE BOY!	당연하지! 길 보여 줘, 병 소년!
00495	0A55:1:3	대사	80	THANKS BOTTLES.	고마워 보틀스.
00496	0A56:0:0	대사	83	WOW...NICE ONE! TRY ANOTHER!	우와...좋은데! 하나 더 해 봐!
00497	0A56:1:1	대사	81	HEY! I WANT SOME MOVES!	이봐! 나도 동작 좀 배우고 싶어!
00498	0A57:0:0	대사	83	NOW TRY MY FEARSOME FORWARD ROLL.	이제 내 무시무시한 앞구르기를 해 봐.
00499	0A57:0:2	대사	83	ROLL BY RUNNING AND PRESSING B, I'LL SEE IF I CAN FIND BAWL FOR YOU TO PRACTICE ON...	달리면서 B 눌러서 구르기, 연습할 볼이 있나 찾아볼게...
00500	0A57:1:1	대사	81	I WANT TO LEARN TO FLY NOW!	이제 나는 법 배우고 싶어!
00501	0A58:0:0	대사	83	BULLS-EYE! ONE MORE...	명중! 한 번 더...
00502	0A58:1:1	대사	81	STOP ROLLING, I FEEL SICK!	그만 굴러, 나 어지러워!
00503	0A59:0:0	대사	83	IT'S TIME FOR THE BUZZARD TO LEARN A TRICK.	이제 말똥가리가 기술을 배울 시간이야.
00504	0A59:0:2	대사	83	TRY OUT THE RAT-A-TAT RAP BY JUMPING AND PRESSING B IN THE AIR. NOW WHERE'S COLLYWOBBLE?	점프해서 공중에서 B 눌러 랫어탯랩 시도해 봐. 자 콜리워블은 어디 있지?
00505	0A59:1:1	대사	81	IT HAD BETTER BE A GOOD ONE, SQUINTY!	제대로 된 거였으면 좋겠네, 사팔뜨기야!
00506	0A5A:0:0	대사	83	MMMM...NOT BAD, FEATHER FACE!	으음...나쁘지 않네, 깃털 얼굴!
00507	0A5A:1:1	대사	81	GIVE ME ANOTHER, BOGEYES!	하나 더 줘, 부엉이눈!
00508	0A5B:0:0	대사	83	YOU'VE LEARNED ALL OF THE BASIC ATTACKS NOW. SEE YOU AROUND!	이제 기본 공격을 다 배웠어. 또 보자!
00509	0A5C:0:0	대사	83	PRESS A TO JUMP, IT'S REAL EASY!	A 눌러서 점프, 진짜 쉬워!
00510	0A5D:0:0	대사	83	COME ON BANJO! JUMP, THEN PRESS A AGAIN IN THE AIR!	자 반조! 점프하고, 공중에서 A 한 번 더 눌러!
00511	0A5E:0:0	대사	83	HOLD Z THEN PRESS A. GO FOR IT!	Z 누른 채로 A 눌러. 해 봐!
00512	0A5F:0:0	대사	83	PRESS A TO LEARN MY MOVES OR B TO START RIGHT AWAY!	A 눌러서 내 동작 배우거나 B 눌러서 바로 시작해!
00513	0A60:0:0	대사	83	SO YOU'RE READY TO TACKLE THE WITCH NOW?	그럼 이제 마녀에게 맞설 준비됐어?
00514	0A60:0:2	대사	83	CROSS THE BRIDGE TO ENTER GRUNTILDA'S LAIR.  LOOK OUT FOR ME INSIDE... GOOD LUCK!	다리를 건너 그런틸다의 소굴로 들어가. 안에서 날 찾아봐...행운을 빌어!
00515	0A60:1:1	대사	81	WE SURE ARE! SHOW US THE WAY, BOTTLE BOY!	당연하지! 길 보여 줘, 병 소년!
00516	0A61:0:0	대사	83	PRESS A IF YOU WANT ME TO TEACH YOU SOME BASIC MOVES, OR PRESS B IF YOU THINK YOU'RE ALREADY GOOD ENOUGH!	기본 동작 좀 가르쳐 줬으면 하면 A, 이미 충분하다고 생각하면 B 눌러!
00517	0A62:0:0	대사	83	OH...I'M AFRAID I CAN'T TELL YOU ANYMORE ABOUT THIS HIDDEN FEATURE UNTIL YOU COLLECT THE JIGSAW FROM THE SANDCASTLE GAME IN TREASURE TROVE COVE.	오...미안하지만 보물의 만에서 모래성 게임 지기를 얻기 전까진 이 숨겨진 비법에 대해 더 말해 줄 수 없어.
00518	0A62:0:2	대사	83	NO! ONLY WHEN YOU'VE GOT THE SANDCASTLE JIGSAW.	안 돼! 모래성 지기를 얻었을 때만.
00519	0A62:1:1	대사	81	TELL US NOW, BARREL BOY!	지금 말해 줘, 술통 소년!
00520	0A62:1:3	대사	80	C'MON KAZOOIE, LET'S COME BACK LATER...	가자 카주이, 나중에 다시 오자...
00521	0A63:0:0	대사	83	WAHAY! YOU'VE FOUND MY SECRET 'MOVING PICTURE' GAME! COMPLETE THIS PUZZLE AND YOU CAN WIN A MYSTERY PRIZE!	우와! 내 비밀 '움직이는 그림' 게임을 찾았네! 이 퍼즐을 완성하면 미스터리 상품을 받을 수 있어!
00522	0A63:0:2	대사	83	ERRR...MAYBE! NOW WATCH THIS!	어어...아마도! 자 이거 봐!
00523	0A63:1:1	대사	81	IT BETTER BE GOOD, SOIL BRAIN! DO I GET SOME NEW MOVES?	좋은 거였으면 좋겠네, 흙머리! 새 동작도 받는 거야?
00524	0A64:0:0	대사	83	YOU CAN USE THE CONTROL STICK TO MOVE BANJO'S HAND, THEN PRESS A WHEN IT IS OVER A PIECE TO PICK IT UP.	컨트롤 스틱으로 반조의 손을 움직여서, 조각 위에 갔을 때 A 눌러서 집어.
00525	0A64:0:1	대사	83	WHILE A PIECE IS HELD, YOU CAN PRESS A TO PLACE IT DOWN, B TO RETURN IT TO THE SIDE OR THE LEFT AND RIGHT C BUTTONS TO ROTATE IT.	조각을 들고 있는 동안, A 눌러서 내려놓거나, B 눌러서 옆으로 되돌리거나, 좌우 C 버튼으로 돌릴 수 있어.
00526	0A64:0:2	대사	83	COMPLETE THE PICTURE WITHIN THE TIME LIMIT TO WIN. GO ON, HAVE A GO!	시간제한 안에 그림을 완성하면 승리야. 자, 해 봐!
00527	0A65:0:0	대사	83	PRESS THE Z TO READ THE INSTRUCTIONS AGAIN, OR START TO QUIT OUT OF THE GAME AT ANY TIME.	Z를 누르면 설명을 다시 읽고, START를 누르면 언제든 게임을 그만둘 수 있어.
00528	0A66:0:0	대사	83	USE THE CONTROL STICK TO MOVE BANJO'S HAND. PRESS A TO PICK UP AND PUT DOWN PIECES, B TO RETURN THEM TO THE SIDE OR THE LEFT AND RIGHT C BUTTONS TO ROTATE THEM.	컨트롤 스틱으로 반조의 손을 움직여. A 눌러서 조각을 집고 내려놓고, B 눌러서 옆으로 되돌리고, 좌우 C 버튼으로 돌려.
00529	0A67:0:0	대사	83	WHAT'S WRONG BEAKY, IS MY GAME TOO HARD FOR YOU?	뭐가 문제야 부리양, 내 게임이 너무 어려워?
00530	0A68:0:0	대사	83	TOUGH LUCK GUYS, YOU'RE OUT OF TIME. WHY NOT TRY AGAIN?	안됐네 다들, 시간 다 됐어. 다시 해 보는 게 어때?
00531	0A69:0:0	대사	83	HEY, YOU DID IT!	이봐, 해냈네!
00532	0A69:0:2	대사	83	LISTEN CAREFULLY AND I'LL TELL YOU...	잘 들어, 말해 줄게...
00533	0A69:0:3	대사	83	USE THE TILES ON THE FLOOR OF THE SANDCASTLE IN TREASURE TROVE COVE TO SPELL THE WORD 'BOTTLESBONUSONE'.	보물의 만 모래성 바닥의 타일을 써서 'BOTTLESBONUSONE'이라는 단어를 맞춰 봐.
00534	0A69:0:4	대사	83	GO AND GIVE IT A TRY!	가서 한번 해 봐!
00535	0A69:1:1	대사	81	IT WAS EASY BEETLE BREATH, WHAT DO WE WIN?	쉬웠어 딱정벌레 입냄새, 뭘 받는 거야?
00536	0A6A:0:0	대사	83	YOU CAN ALSO TRY LEVEL 2 OF MY GAME IF YOU LIKE. JUST LOOK AT THE PICTURE AGAIN!	원하면 내 게임 레벨 2도 해 볼 수 있어. 그냥 그림을 다시 봐!
00537	0A6B:0:0	대사	83	YIPPEE, THAT'S IT! NOW GO AND ENTER THE WORD 'BOTTLESBONUSTWO' ON THE SANDCASTLE FLOOR!	좋았어, 바로 그거야! 이제 가서 모래성 바닥에 'BOTTLESBONUSTWO'라는 단어를 입력해 봐!
00538	0A6C:0:0	대사	83	WHY NOT TRY LEVEL 3 NOW?	이제 레벨 3 해 보는 게 어때?
00539	0A6D:0:0	대사	83	WOW, NICE GOING! TRY THE WORD 'BOTTLESBONUSTHREE' THIS TIME!	우와, 잘했어! 이번엔 'BOTTLESBONUSTHREE'라는 단어를 해 봐!
00540	0A6E:0:0	대사	83	GO ON, GIVE LEVEL 4 A GO!	자, 레벨 4도 해 봐!
00541	0A6F:0:0	대사	83	EASY, HUH? YOU CAN NOW GO AND SEE WHAT THE WORD 'BOTTLESBONUSFOUR' DOES!	쉽지? 이제 가서 'BOTTLESBONUSFOUR'라는 단어가 뭘 하는지 봐!
00542	0A70:0:0	대사	83	HEY, LEVEL 5 IS WAITING FOR YOU!	이봐, 레벨 5가 기다리고 있어!
00543	0A71:0:0	대사	83	COR, I'M IMPRESSED! GO AND TRY 'BOTTLESBONUSFIVE'!	오, 인상 깊은걸! 가서 'BOTTLESBONUSFIVE'를 해 봐!
00544	0A72:0:0	대사	83	JUST ONE MORE LEVEL LEFT GUYS...	이제 딱 한 레벨 남았어 다들...
00545	0A73:0:0	대사	83	WELL, I DIDN'T THINK ANYONE WOULD DO THAT ONE, WELL DONE! HERE'S YOUR LAST PRIZE, IT'S 'BIGBOTTLESBONUS!'	음, 아무도 그걸 할 거라곤 생각 안 했는데, 잘했어! 여기 마지막 상품이야, 'BIGBOTTLESBONUS!'야!
00546	0A74:0:0	대사	83	ERR...I'VE GOT NO MORE GAMES LEFT FOR YOU TO PLAY NOW...	어...이제 더 이상 할 수 있는 게임이 없어...
00547	0A75:0:0	대사	83	HA...FOOLED YOU! I'VE GOT ONE REALLY SPECIAL PRIZE LEFT. LET'S SEE YOU DO THIS ONE, FEATHER FACE!	하...속았지! 진짜 특별한 상품 하나 남았어. 이번 것도 해 보라고, 깃털 얼굴!
00548	0A75:0:2	대사	83	HERE WE GO...	자 간다...
00549	0A75:1:1	대사	81	I'M READY, GOGGLES!	준비됐어, 안경잡이!
00550	0A76:0:0	대사	83	HEY, YOU MUST HAVE CHEATED TO DO THAT!	이봐, 저걸 해내다니 속임수를 썼구나!
00551	0A76:0:2	대사	83	OH...VERY WELL. ENTER THE CODE 'WISHYWASHYBANJO' FOR SOME GOOD CLEAN FUN!	오...좋아. 'WISHYWASHYBANJO'라는 코드를 입력해 봐, 재밌는 거야!
00552	0A76:1:1	대사	81	NO WAY, BUG SLURPER! NOW HAND OVER THE SPECIAL PRIZE!	말도 안 돼, 벌레 빨아먹는 놈! 이제 특별 상품 내놔!
00553	0A77:0:0	대사	83	HERE'S A REMINDER OF MY SECRET CODES - BOTTLESBONUSONE, BOTTLESBONUSTWO, BOTTLESBONUSTHREE, BOTTLESBONUSFOUR, BOTTLESBONUSFIVE, BIGBOTTLESBONUS AND WISHYWASHYBANJO!	여기 내 비밀 코드들을 다시 알려 줄게 - BOTTLESBONUSONE, BOTTLESBONUSTWO, BOTTLESBONUSTHREE, BOTTLESBONUSFOUR, BOTTLESBONUSFIVE, BIGBOTTLESBONUS 그리고 WISHYWASHYBANJO!
00554	0A78:0:0	대사	83	HA...HA...HA...LOOK AT YOU!	하...하...하...네 꼴 좀 봐!
00555	0A78:0:1	대사	83	TO CHANGE BACK, JUST TYPE 'NOBONUS'.	원래대로 돌아가려면, 그냥 'NOBONUS'라고 입력해.
00556	0A79:0:0	대사	83	STOP WASTING TIME, BANJO! GRUNTILDA NEEDS DEFEATING!	시간 낭비 그만해, 반조! 그런틸다를 쓰러뜨려야 해!
00557	0A7A:0:0	대사	83	BANJO! IF YOU USE A THIRD CHEAT CODE YOUR GAME PAK WILL BE ERASED! ARE YOU SURE YOU WANT TO DO THIS? PRESS A FOR YES OR B FOR NO...	반조! 세 번째 치트 코드를 쓰면 네 게임팩이 지워질 거야! 정말 이렇게 하고 싶어? 좋으면 A, 아니면 B...
00558	0A7B:0:0	대사	84	FIND FIRST SECRET ON THE BEACH!	해변에서 첫 번째 비밀을 찾아!
00559	0A7B:0:2	대사	84	HURRR...HURRR...MUMBO NOT TELLING!	흐흐흐...흐흐흐...멈보 안 알려줘!
00560	0A7B:1:1	대사	81	HEY SHORTY, HOW DID YOU MAKE THAT ROCK RISE UP?	이봐 땅딸보, 저 바위는 어떻게 들어 올린 거야?
00561	0A7C:0:1	대사	84	BEAR AND BIRD MUST CLIMB TO TOP...	곰이랑 새 꼭대기까지 올라가야 해...
00562	0A7C:0:3	대사	84	WAIT AND SEE, O FILTHY FEATHERED ONE...	기다려 봐, 더러운 깃털 녀석아...
00563	0A7C:1:0	대사	80	WOW...A SECRET CAVERN!	우와...비밀 동굴이다!
00564	0A7C:1:2	대사	81	WHAT'S UP THERE, DUMBSKULL?	저 위에 뭐가 있는데, 바보머리?
00565	0A7C:1:4	대사	80	GULP...IT LOOKS RATHER HIGH...	꿀꺽...꽤 높아 보이는데...
00566	0A7C:1:5	대사	81	DON'T WORRY BANJO, IT LOOKS LIKE I HAVE TO GET US UP THERE!	걱정 마 반조, 아무래도 내가 우릴 저기 위로 올려야 할 것 같아!
00567	0A7D:0:0	대사	84	NEXT SECRET FOUND IN SNOW!	다음 비밀은 눈 속에서 찾아!
00568	0A7D:1:1	대사	80	THAT'S WOZZA'S CAVE...	저기가 워자의 동굴이야...
00569	0A7E:0:1	대사	84	BIRD BE QUIET, WATCH PICTURE...	새는 조용히, 그림 봐...
00570	0A7E:1:0	대사	80	WE'VE ALREADY BEEN IN HERE...	우린 이미 여기 와 봤는데...
00571	0A7E:1:1	대사	81	HEY, WHAT WAS THAT EGG FOR ON THE BEACH? TELL US!	이봐, 해변에 있던 그 알은 뭐였어? 말해 봐!
00572	0A7E:1:3	대사	81	WHAT'S THROUGH HERE?	여기 지나가면 뭐가 있어?
00573	0A7E:1:4	대사	80	CORRR, A GIANT ICE KEY!	우와아, 거대한 얼음 열쇠다!
00574	0A7E:1:5	대사	81	I KNOW WHERE I'D LIKE TO STICK THAT...	저걸 어디다 꽂고 싶은지 알겠네...
00575	0A7E:1:6	대사	80	KAZOOIE!!!	카주이!!!
00576	0A7F:0:0	대사	84	ANOTHER SECRET CAN GET IN DESERT!	사막에서도 또 다른 비밀을 찾을 수 있어!
00577	0A80:0:1	대사	84	NO, BIRD RUDE TO MUMBO, NOT TELL!	아니, 새 멈보한테 무례해, 안 알려줘!
00578	0A80:1:0	대사	81	NICE MUMBO, PLEASE TELL US WHAT THE EGGS AND KEY ARE FOR...	착하지 멈보, 제발 저 알이랑 열쇠가 뭔지 말해 줘...
00579	0A80:1:2	대사	80	I WONDER WHAT'S IN HERE?	여기 안에 뭐가 있을까?
00580	0A80:1:3	대사	81	HUH, IT'S ONLY ANOTHER STUPID EGG...	쳇, 또 다른 바보 같은 알일 뿐이네...
00581	0A81:0:0	대사	B5	DINGPOT, DINGPOT BY THE BENCH,	딩팟, 딩팟, 작업대의 딩팟아,
00582	0A81:0:1	대사	B5	WHO IS THE NICEST LOOKING WENCH?	누가 제일 예쁜 처녀일까?
00583	0A81:0:2	대사	D8	WHY IT'S GRUNTY ANY DAY,	그야 그런티 아니겠어요,
00584	0A81:0:3	대사	D8	SHE REALLY TAKES MY BREATH AWAY...COUGH!	숨이 막힐 정도죠...콜록!
00585	0A81:0:4	대사	B5	YES YOU'RE RIGHT, I'M RATHER PROUD,	그래 네 말이 맞아, 난 좀 자랑스러워,
00586	0A81:0:5	대사	B5	MY LOOKS STAND ME OUT FROM THE CROWD!	내 외모는 군중 속에서도 돋보이지!
00587	0A82:0:0	대사	D8	ERR...BUT THERE IS THIS GIRL...	어...근데 저 여자애는 있잖아요...
00588	0A82:0:1	대사	B5	WHAT D'YOU MEAN, THIS CANNOT BE,	무슨 소리야, 그럴 리 없어,
00589	0A82:0:2	대사	B5	THERE'S NO ONE PRETTIER THAN ME!	나보다 예쁜 사람은 없다고!
00590	0A82:0:3	대사	D8	WHY, IT'S TOOTY, YOUNG AND SMALL,	그야, 투티죠, 어리고 작은 애,
00591	0A82:0:4	대사	D8	SHE'S THE PRETTIEST GIRL OF ALL!	그 애가 제일 예쁘다고요!
00592	0A82:0:5	대사	B5	NO NO NO YOU MUST BE MAD,	아니 아니 아니 너 미쳤구나,
00593	0A82:0:6	대사	B5	NICER BEAUTY CAN'T BE HAD!	더 예쁜 미모는 있을 수 없어!
00594	0A82:0:7	대사	D8	UNFORTUNATELY I THINK YOU'LL FIND,	안타깝지만 아마 아시게 될 거예요,
00595	0A82:0:8	대사	D8	IT'S TOOTY, SHE'S CUTE AND KIND!	바로 투티라고요, 귀엽고 착하잖아요!
00596	0A83:0:0	대사	B5	WELL...WE'LL SEE ABOUT THAT!	흠...그건 두고 보자고!
00597	0A84:0:0	대사	83	HI THERE TOOTY, WHAT ARE YOU GOING TO DO TODAY?	안녕 투티, 오늘은 뭐 할 거야?
00598	0A84:1:1	대사	B6	WHEN MY BIG LAZY BROTHER WAKES UP, WE'RE GOING ON AN ADVENTURE!	내 크고 게으른 오빠가 일어나면, 우리 모험 떠날 거야!
00599	0A85:1:0	대사	81	WAKE UP, I WANT TO GO ON AN ADVENTURE TOO...	일어나, 나도 모험 가고 싶어...
00600	0A86:0:0	대사	B5	IF TOOTY THINKS SHE'S FAIRER THAN ME,	투티가 자기가 나보다 예쁘다고 생각한다면,
00601	0A86:0:1	대사	B5	I'LL STEAL HER LOOKS AND UGLY SHE'LL BE!	내가 그 미모를 훔쳐서 못생기게 만들어 버리겠어!
00602	0A87:0:0	대사	83	IS THAT YOUR BROTHER?	저게 네 오빠야?
00603	0A87:0:2	대사	83	UP THERE IN THE SKY!	저 하늘 위에!
00604	0A87:1:1	대사	B6	WHERE, MR. MOLE? I CAN'T SEE HIM...	어디요, 두더지 아저씨? 안 보여요...
00605	0A88:1:0	대사	B6	I DON'T THINK SO. WHO IS THAT?	아닌 것 같아요. 저건 누구예요?
00606	0A89:0:0	대사	B5	COME TO ME, MY LITTLE PRETTY,	이리 와, 내 귀여운 꼬마야,
00607	0A89:0:1	대사	B5	YOU'LL SOON BE UGLY, WHAT A PITY!	넌 곧 못생겨질 거야, 안됐구나!
00608	0A8A:1:0	대사	B6	LET ME GO, YOU UGLY OLD HAG!	놔줘, 이 못생긴 늙은 마녀야!
00609	0A8B:0:0	대사	B5	DON'T SCRATCH AND BITE, MY LITTLE BEAR,	할퀴고 물지 마, 내 귀여운 곰돌이야,
00610	0A8B:0:1	대사	B5	YOU'LL SOON NEED BIGGER UNDERWEAR!	넌 곧 더 큰 속옷이 필요할걸!
00611	0A8C:0:0	대사	83	OH NO, SHE'S GOT HER! SOMEBODY......HELP!	이런, 그 애가 잡혀갔어! 누가......도와줘요!
00612	0A8D:1:0	대사	81	BANJO! WAKE UP......NOW!	반조! 일어나......지금!
00613	0A8E:1:0	대사	80	YAWN...WHAT DO YOU WANT KAZOOIE?	하암...왜 그래, 카주이?
00614	0A8F:1:0	대사	81	LET'S GET OUTSIDE, THERE'S TROUBLE!	밖으로 나가자, 큰일 났어!
00615	0A90:0:0	대사	B5	THIS FINE CONTRAPTION SO I'M TOLD,	듣기론 이 멋진 장치가,
00616	0A90:0:1	대사	B5	WILL MAKE ME YOUNG AND TOOTY OLD!	날 젊게 투티를 늙게 만들어 줄 거래!
00617	0A90:0:3	대사	B5	RESCUE YOU HE WILL NOT DARE,	네 오빠는 널 구하러 올 엄두도 못 낼걸,
00618	0A90:0:4	대사	B5	THERE'S MANY DANGERS IN MY LAIR!	내 소굴엔 위험이 잔뜩이니까!
00619	0A90:0:5	대사	B5	HURRY KLUNGO, PUSH THAT SWITCH,	서둘러 클렁고, 저 스위치 눌러,
00620	0A90:0:6	대사	B5	I'M TIRED OF BEING AN UGLY WITCH!	못생긴 마녀인 것도 이제 지긋지긋해!
00621	0A90:0:7	대사	D2	YESSS MISSSTRESSS GRUNTY! POWER ISSS ON, SSSOON BE READY...	네에, 그런티 마님! 전원 켜졌쓰니, 곧 준비돼요...
00622	0A90:1:1	대사	B6	LET ME GO, YOU FAT HAG! MY BROTHER WILL COME	놔줘, 이 뚱뚱한 마녀야! 내 오빠가 와서
00623	0A90:1:2	대사	B6	AND KICK YOUR BUTT!	네 엉덩이를 걷어찰 거야!
00624	0A90:1:4	대사	B6	BANJO............HELP!	반조............도와줘!
00625	0A91:0:0	대사	B5	BANJO'S GAME ENDS IN MY TOWER,	반조의 게임은 내 탑에서 끝나,
00626	0A91:0:1	대사	B5	TURN IT UP I NEED FULL POWER!	전원을 올려, 풀파워가 필요해!
00627	0A92:0:0	대사	D2	YESSS YOUR GRUNTYSSSHIP, TRANSSSFORMATION SSSOON BE COMPLETE...	네에, 그런티 마님, 변신이 곧 끝나요오...
00628	0A93:0:1	대사	D2	BEAR AND BIRD FINISSSHED, GRUNTY WINSSS!	곰이랑 새는 끝장, 그런티 마님 승리예요!
00629	0A93:1:0	대사	CC	{FD}hHELP {FD}hME {FD}hBANJO, {FD}hI {FD}hFEEL {FD}hALL {FD}hFUNNY...{FD}l	{FD}h도와 {FD}h줘 {FD}h반조, {FD}h나 {FD}h기분이 {FD}h너무 {FD}h이상해...{FD}l
00630	0A94:0:0	대사	D3	LOOK AT GRUNTY SHE'S A BEAUTY,	그런티 좀 봐 정말 미인이네,
00631	0A94:0:1	대사	D3	I'M MUCH PRETTIER THAN TOOTY!	내가 투티보다 훨씬 예쁘잖아!
00632	0A94:0:2	대사	D2	OH YOU ARE MISSSTRESSS!	오, 정말 그러세요, 마님!
00633	0A95:1:0	대사	CC	BANJO.......	반조.......
00634	0A96:1:0	대사	CC	BANJO.......	반조.......
00635	0A97:0:0	대사	D4	BANJO! YOUR SISTER WANTS A WORD WITH YOU.........	반조! 네 동생이 너한테 할 말이 있대.........
00636	0A97:0:1	대사	D4	NOW!	지금 당장!
00637	0A98:0:0	대사	84	BEAR AND BIRD DID GOOD, HELPED MUMBO BEAT WITCH!	곰이랑 새 잘했어, 멈보가 마녀 이기는 거 도와줬어!
00638	0A99:0:0	대사	83	YEAH, BUT THEY NEEDED MY AMAZING MOVES TO DO IT!	그래, 하지만 내 멋진 동작들이 있어야 했지!
00639	0A9A:1:0	대사	81	NO WAY...ME AND BANJO WERE THE STARS OF THIS GAME!	말도 안 돼...이 게임의 스타는 나랑 반조였어!
00640	0A9B:1:0	대사	B6	WHAT'S THE PARTY FOR? GRUNTY GOT AWAY, SO GET BACK UP THERE AND FINISH THE JOB!	무슨 파티야? 그런티가 도망쳤으니까 다시 올라가서 일을 끝내!
00641	0A9C:1:0	대사	81	I'M NOT GOING!	나 안 갈 거야!
00642	0A9C:1:1	대사	80	OUCH! YES YOU ARE, LET'S GO!	아야! 아니, 가야 돼, 가자!
00643	0A9D:0:0	대사	84	GRUNTY NICE, COME BACK TO MUMBO'S SKULL, YES?	그런티 착해, 멈보 해골로 돌아와, 그치?
00644	0A9E:1:0	대사	80	AHHH...THIS IS GREAT! HAVE WE FINISHED NOW TOOTY, CAN I RELAX?	아아...좋다! 투티 이제 끝난 거야, 쉬어도 돼?
00645	0A9F:1:0	대사	B6	SURE BANJO, YOU AND KAZOOIE ARE HEROES NOW!	당연하지 반조, 너랑 카주이는 이제 영웅이야!
00646	0AA0:1:0	대사	81	DID YOU HEAR THAT, SHORTY? I'M A HERO!	들었어, 땅딸보? 난 영웅이라고!
00647	0AA1:0:0	대사	83	MMM...YES, I SUPPOSE YOU ARE. WELL DONE KAZOOIE!	으음...그래, 그런 것 같네. 잘했어 카주이!
00648	0AA2:1:0	대사	81	THANKS GOGGLES, YOU'RE NOT SO DUMB AFTER ALL!	고마워 안경잡이, 결국 그렇게 바보는 아니었네!
00649	0AA2:1:1	대사	80	THAT'S ENOUGH KAZOOIE, LET'S ALL WATCH THE CAST LIST NOW...	됐어 카주이, 이제 다 같이 출연진 명단 보자...
00650	0AA3:0:0	대사	84	HEY...MUMBO GOT SECRET PICTURES!	이봐...멈보한테 비밀 사진 있어!
00651	0AA4:1:0	대사	81	NICE ONE, BONE BRAIN! WHAT'S ON THEM?	좋은데, 뼈대가리! 거기 뭐가 있어?
00652	0AA5:0:0	대사	84	GOT PICTURES OF THINGS YOU MISSED. SECRETS USED IN NEXT GAME!	네가 놓친 것들 사진 있어. 다음 게임에 쓸 비밀이야!
00653	0AA6:1:0	대사	80	OOOH...DID YOU HEAR THAT KAZOOIE? WE'RE GOING TO BE IN ANOTHER GAME!	오오...들었어 카주이? 우리 다른 게임에도 나온대!
00654	0AA6:1:1	대사	81	GREAT, SO LET'S SEE THE PICTURES THEN, SKIRT BOY!	좋아, 그럼 사진 한번 보자, 치마 소년!
00655	0AA7:0:0	대사	84	DID YOU GET ALL 100 JIGSAW PIECES?	지기 100개 다 모았어?
00656	0AA8:1:0	대사	80	ERR...I DON'T THINK SO. WE ONLY GOT ~ OF THEM...	어...그런 것 같지 않은데. 우리 ~개밖에 못 모았어...
00657	0AA9:0:0	대사	84	SORRY, ONLY BEST PLAYERS SEE PICTURES. GET 100 PIECES AND MUMBO SHOW YOU!	미안, 제일 잘하는 플레이어만 사진 봐. 100개 모으면 멈보가 보여줄게!
00658	0AAA:1:0	대사	81	THAT'S NOT FAIR! CAN'T WE JUST HAVE A QUICK PEEK?	그건 불공평해! 그냥 살짝 보기만 하면 안 돼?
00659	0AAB:0:0	대사	84	NO! MUMBO GO NOW, GOT HOT DATE!	안 돼! 멈보 이제 가야 해, 뜨거운 데이트 있어!
00660	0AAC:1:0	대사	B6	PERHAPS YOU HAVEN'T FINISHED AFTER ALL! WHY DON'T YOU GO BACK AND LOOK FOR THE MISSING PIECES?	어쩌면 아직 다 끝난 게 아닐지도 몰라! 돌아가서 빠진 조각들 찾아보는 게 어때?
00661	0AAD:1:0	대사	81	YEAH...I WANT TO SEE THOSE PICTURES!	그래...저 사진들 보고 싶어!
00662	0AAE:0:0	대사	DA	STUPID BEAR AND DUMB KAZOOIE,	멍청한 곰이랑 바보 카주이,
00663	0AAE:0:1	대사	DA	I'LL BE BACK FOR	다음에 돌아오마,
00664	0AAE:0:2	대사	DA	BANJO-TOOIE!	반조-투이에서!
00665	0AAF:1:0	대사	80	WE SURE DID, MR. MUMBO!	우리 확실히 해냈어, 멈보 아저씨!
00666	0AAF:1:1	대사	81	YEAH...SO SHOW US YOUR SECRETS, MASK MIDGET!	그래...그러니까 네 비밀들 보여줘, 가면 난쟁이!
00667	0AB0:0:0	대사	84	PICTURES SHOW THINGS YOU MISSED. SECRETS THAT ARE FOR NEW GAME	사진들은 네가 놓친 것들 보여줘. 새 게임을 위한 비밀이야
00668	0AB0:0:1	대사	84	BANJO-TOOIE!	반조-투이!
00669	0AB1:1:0	대사	80	BANJO-TOOIE! SOUNDS GREAT, IS IT ANY GOOD?	반조-투이! 멋진데, 재밌어?
00670	0AB2:0:0	대사	84	MUMBO'S JAW DROPPED IN AWE...	멈보 턱이 감탄해서 떨어졌어...
00671	0AB3:1:0	대사	81	HEY...WHY ISN'T IT CALLED BANJO-KAZOOIE-TOOIE? I'D BETTER BE IN IT TOO, SHORT STUFF!	이봐...왜 반조-카주이-투이가 아니야? 나도 거기 꼭 나와야 해, 땅딸보!
00672	0AB4:0:0	대사	84	BANJO-TOOIE MAKE BANJO-KAZOOIE LOOK LIKE JOKE. MUMBO SHOW YOU PICTURES OF STUFF CAN USE IN NEW GAME! HERE, TAKE LOOK...	반조-투이는 반조-카주이를 농담처럼 보이게 만들어. 멈보가 새 게임에서 쓸 수 있는 것들 사진 보여줄게! 자, 봐 봐...
00673	0AB5:0:1	대사	84	MUMBO NOT TELLING. FIND OUT IN	멈보 안 알려줘. 알고 싶으면
00674	0AB5:0:2	대사	84	BANJO-TOOIE!	반조-투이에서!
00675	0AB5:1:0	대사	80	WOW! HOW DO WE GET TO THOSE?	우와! 저기 어떻게 가는데?
00676	0AB6:0:0	대사	DA	ALL THE JIGGIES YOU DID SNATCH,	네가 낚아챈 모든 지기들,
00677	0AB6:0:1	대사	DA	BUT I'LL BE BACK FOR MY REMATCH!	하지만 난 설욕전 하러 돌아올 거야!
00678	0AB7:0:0	대사	D2	HRNN...KLUNGO PUSSSH NASSTY ROCK! DON'T WORRY MISSSTRESSS, I'LL SSSAVE YOU!	흐응...클렁고 못된 바위 민다! 걱정 마세요 마님, 제가 구해 드릴게요!
00679	0AB8:0:0	대사	D2	GRNN...ROCK SSSO HEAVY, BUT KLUNGO MUSSST RESSSCUE MISSSTRESSS!	끄응...바위 너무 무거워요, 그래도 클렁고는 마님을 구해야 해요!
00680	0AB9:0:0	대사	DA	GRNN...	끄응...
00681	0ABA:0:0	대사	DA	GRRRNNNN!!!	끄으으으응!!!
00682	0ABB:0:0	대사	DA	GASP...TOO HEAVY...	헉...너무 무거워...
00683	0ABC:0:0	대사	DA	GRUNTY'S FATE THIS SHOULD NOT BE,	그런티의 운명은 이래선 안 되지,
00684	0ABC:0:1	대사	DA	SO HURRY KLUNGO RESCUE ME!	그러니 서둘러 클렁고 날 구해!
00685	0ABD:0:0	대사	A3	HEY...IT'S ME, MR. JIGGY! NOW GO AND FIND A PICTURE WITH A PIECE MISSING.	이봐...나야, 미스터 지기! 이제 가서 조각이 빠진 그림을 찾아봐.
00686	0ABE:0:0	대사	83	TO ENTER THE WORLD SHOWN ON THE PICTURE, YOU MUST FILL IN THE MISSING SPACES WITH THE JIGSAW PIECES.	그림에 나온 세계로 들어가려면, 빠진 공간을 지기로 채워야 해.
00687	0ABE:0:2	대사	83	I THINK I SAW ONE NEAR THE LAIR ENTRANCE, COME BACK WHEN YOU'VE FOUND IT.	소굴 입구 근처에서 하나 본 것 같아, 찾으면 다시 와.
00688	0ABE:1:1	대사	80	ERR...I DON'T THINK WE'VE FOUND ANY OF THOSE YET...	어...아직 그런 거 하나도 못 찾은 것 같은데...
00689	0ABF:0:0	대사	83	TO ENTER THE WORLD SHOWN ON THE PICTURE, YOU MUST FILL IN THE MISSING SPACES WITH THE JIGSAW PIECES.	그림에 나온 세계로 들어가려면, 빠진 공간을 지기로 채워야 해.
00690	0ABF:0:2	대사	83	GREAT! TO FILL IN THE MISSING SPACES ON A PICTURE, PRESS A. IF YOU DON'T WANT TO USE ANY JIGSAW PIECES, PRESS B TO LEAVE.	좋아! 그림에 빠진 공간을 채우려면, A 눌러. 지기를 쓰고 싶지 않으면, B 눌러서 나가.
00691	0ABF:1:1	대사	82	WE'VE GOT THE FIRST JIGSAW PIECE, GOGGLE BOY!	첫 번째 지기 얻었어, 안경잡이!
00692	0AC0:0:1	대사	83	GREAT! TO FILL IN THE MISSING SPACES ON A PICTURE, PRESS A. IF YOU DON'T WANT TO USE ANY JIGSAW PIECES, PRESS B TO LEAVE.	좋아! 그림에 빠진 공간을 채우려면, A 눌러. 지기를 쓰고 싶지 않으면, B 눌러서 나가.
00693	0AC0:1:0	대사	82	WE'VE GOT THE FIRST JIGSAW PIECE, GOGGLE BOY!	첫 번째 지기 얻었어, 안경잡이!
00694	0AC1:0:0	대사	84	MUMBO MAGIC GET WEAK. ANIMAL TURN BACK OR MAGIC GO...	멈보 마법 약해져. 동물 원래대로 돌아오거나 마법 사라져...
00695	0AC2:0:0	대사	84	MUMBO MAGIC GET WEAK...	멈보 마법 약해져...
00696	0AC3:0:0	대사	84	MAGIC ALL GONE, MUST GO BACK TO BEAR AND BIRD NOW...	마법 다 떨어졌어, 이제 곰이랑 새한테 돌아가야 해...
00697	0AC4:0:0	대사	84	MAGIC RUN OUT...	마법 다 떨어졌어...
00698	0ACA:0:0	대사	83	THIS IS A NOTE DOOR, SEALED BY GRUNTY WITH ONE OF HER POWERFUL MUSICAL SPELLS.	이건 음표 문이야, 그런티가 강력한 음악 주문 중 하나로 봉인했어.
00699	0ACA:0:2	대사	83	IT'S NOT THAT SIMPLE. TO OPEN IT, YOU MUST COLLECT THE MUSICAL NOTES FROM THE WORLDS.	그렇게 간단하지 않아. 열려면, 세계들에서 음표를 모아야 해.
00700	0ACA:0:4	대사	83	THE NUMBER ON THE DOOR IS THE STRENGTH OF THE SPELL. THE COMBINED TOTAL OF ALL YOUR BEST NOTE SCORES FROM THE WORLDS MUST BE AT LEAST THIS TO BREAK GRUNTY'S MAGIC.	문에 적힌 숫자가 주문의 세기야. 세계들에서 모은 네 최고 음표 점수 총합이 최소 이 숫자는 돼야 그런티의 마법을 깨.
00701	0ACA:1:1	대사	82	OPEN IT UP THEN, JAM JARS!	그럼 열어 줘, 잼통!
00702	0ACA:1:3	대사	80	HOW MANY DO WE NEED?	몇 개나 필요해?
00703	0ACB:0:0	대사	83	TO OPEN A NOTE DOOR, THE COMBINED TOTAL OF ALL YOUR BEST NOTE SCORES FROM THE WORLDS MUST BE AT LEAST THE NUMBER ON THE DOOR.	음표 문을 열려면, 세계들에서 모은 네 최고 음표 점수 총합이 문에 적힌 숫자 이상이어야 해.
00704	0ACC:0:0	대사	B5	THERE HE IS, THE FUN BEGINS,	저기 있다, 재미가 시작되지,
00705	0ACC:0:1	대사	B5	MY TRICKS AND TRAPS WILL SEE WHO WINS!	내 속임수랑 함정이 누가 이기는지 볼 거야!
00706	0ACD:0:0	대사	B5	THAT DOOR WAS EASY YOU GOT PAST,	저 문은 쉬웠네 네가 통과했지만,
00707	0ACD:0:1	대사	B5	UNFORTUNATELY YOUR FIRST AND LAST!	안타깝게도 처음이자 마지막이야!
00708	0ACE:0:0	대사	83	THERE ARE THREE NEW MOVES TO LEARN IN THIS WORLD. FIND MY MOLEHILLS AND I'LL EXPLAIN.	이 세계에서 배울 새 동작이 세 개 있어. 내 두더지 굴을 찾아봐, 설명해 줄게.
00709	0ACF:0:0	대사	83	AHOY THERE! THIS BE TREASURE TROVE COVE. THAR BE TWO NEW MOVES FOR YE TO FIND.	어이! 여기가 보물의 만이야. 네가 찾을 새 동작이 두 개 있어.
00710	0AD0:0:0	대사	83	JUST THE ONE NEW MOVE TO FIND THIS TIME, BUT IT'S HIDDEN WELL!	이번엔 찾을 새 동작이 딱 하나지만, 잘 숨겨져 있어!
00711	0AD1:0:0	대사	83	KEEP YOUR EYES OPEN FOR YOUR NEW MOVE, BEAK FACE!	새 동작 잘 찾아봐, 부리 얼굴!
00712	0AD2:0:0	대사	83	THE PEAK'S GOT ANOTHER NEW MOVE WAITING FOR YOU IF YOU CAN FIND IT!	찾아낼 수 있다면 봉우리에 또 다른 새 동작이 기다리고 있어!
00713	0AD3:0:0	대사	83	YOU'LL FIND ONE MORE MOVE IN HERE, BANJO.	여기서 동작 하나 더 찾을 거야, 반조.
00714	0AD4:0:0	대사	83	WAIT! YOU DIDN'T LEARN ALL THE NEW MOVES IN MUMBO'S MOUNTAIN! YOU WON'T GET FAR WITHOUT THEM...	잠깐! 멈보의 산에서 새 동작을 다 안 배웠잖아! 그거 없이는 멀리 못 가...
00715	0AD5:0:0	대사	83	HEY! THERE'S AT LEAST ONE NEW MOVE YOU MISSED. THAT'S THE REAL TREASURE!	이봐! 네가 놓친 새 동작이 적어도 하나 있어. 그게 진짜 보물이야!
00716	0AD6:0:0	대사	83	YOU DIDN'T SPLASH AROUND ENOUGH TO FIND THE NEW MOVE IN THERE, DID YOU?	거기서 충분히 첨벙거리지 않아서 새 동작을 못 찾았구나, 그렇지?
00717	0AD7:0:0	대사	83	WADE BACK IN THERE AND FIND THAT NEW MOVE YOU JUST MISSED IF YOU WANT TO BEAT GRUNTY!	그런티를 이기고 싶으면 다시 들어가서 방금 놓친 새 동작을 찾아!
00718	0AD8:0:0	대사	83	HOLD IT, BANJO, HADN'T YOU BETTER SLIDE BACK IN AND FIND THAT NEW MOVE?	잠깐만, 반조, 다시 미끄러져 들어가서 그 새 동작을 찾는 게 낫지 않아?
00719	0AD9:0:0	대사	83	DON'T DESERT THE VALLEY WITHOUT FINDING THE NEW MOVE! I'M SURE YOU'LL BE NEEDING IT LATER...	새 동작을 찾지 않고 계곡을 떠나지 마! 분명 나중에 필요할 거야...
00720	0ADA:0:0	대사	83	YIPPEE! YOU'VE COLLECTED ENOUGH NOTES TO BREAK THE FIRST NOTE DOOR SPELL!	앗싸! 첫 번째 음표 문 주문을 깰 만큼 음표를 모았어!
00721	0ADB:0:0	대사	83	GRUNTY'S MAGIC STOPS YOU TAKING THE NOTES OFF THE WORLD, BUT THE ~ YOU JUST COLLECTED COUNTS AS YOUR BEST NOTE SCORE. TRY TO GET 100 ON EACH WORLD, AS THEY ARE NEEDED TO OPEN THE NOTE DOORS!	그런티의 마법 때문에 세계 밖으로 음표를 가져갈 순 없지만, 방금 모은 ~개가 네 최고 음표 점수로 기록돼. 각 세계에서 100개를 목표로 해 봐, 음표 문을 열려면 필요하거든!
00722	0ADC:0:0	대사	83	WAHAY! YOU JUST PASSED YOUR BEST NOTE SCORE FOR THIS WORLD!	와하! 방금 이 세계의 최고 음표 점수를 갱신했어!
00723	0ADD:0:0	대사	83	WOW! YOUR BEST NOTE SCORE FOR THIS WORLD IS NOW ~!	우와! 이 세계의 최고 음표 점수가 이제 ~이야!
00724	0ADE:0:0	대사	83	YOU'VE FOUND ALL 100 NOTES ON THIS WORLD, WELL DONE!	이 세계에서 음표 100개를 다 찾았어, 잘했어!
00725	0ADF:0:0	대사	CA	YOU'VE ACTIVATED A MAGIC CAULDRON! FIND TWO THE SAME COLOR TO CREATE A SHORT CUT!	마법 솥을 작동시켰어! 같은 색 두 개를 찾아서 지름길을 만들어!
00726	0AE0:0:0	대사	CA	THAT'S IT, YOU'VE CREATED A SHORT CUT! HOP IN AND SEE!	바로 그거야, 지름길을 만들었어! 뛰어들어서 확인해 봐!
00727	0AE1:0:0	대사	83	YOU'VE FOUND A JIGSAW PICTURE! STAND ON THE JIGSAW SHAPED PODIUM AND I'LL EXPLAIN WHAT YOU HAVE TO DO.	지기 그림을 찾았어! 지기 모양 받침대 위에 서면 뭘 해야 할지 설명해 줄게.
00728	0AE2:0:0	대사	83	TO REMOVE PIECES THAT YOU HAVE ALREADY PUT DOWN, PRESS THE DOWN C BUTTON. BUT ONCE THE PICTURE IS COMPLETE, ALL THE PIECES ARE STUCK THERE PERMANENTLY!	이미 놓은 조각을 빼려면, 아래 C 버튼을 눌러. 하지만 그림이 완성되면, 모든 조각이 영원히 거기 붙어 버려!
00729	0AE3:0:0	대사	83	IF YOU WANT TO PLACE ALL YOUR PIECES INTO THE PICTURE, JUST PRESS Z!	조각을 다 그림에 놓고 싶으면, 그냥 Z 눌러!
00730	0AE4:0:0	대사	83	THAT'S IT! THE PICTURE'S COMPLETE AND THE DOOR TO MUMBO'S MOUNTAIN IS OPEN!	바로 그거야! 그림이 완성됐고 멈보의 산으로 가는 문이 열렸어!
00731	0AE4:0:1	대사	B5	THAT WAS SUCH AN EASY FIT,	그건 정말 쉬운 맞추기였네,
00732	0AE4:0:2	대사	B5	THE OTHERS MAY JUST TEST YOUR WIT!	다른 것들은 네 재치를 시험할지도!
00733	0AE5:0:0	대사	83	THIS IS THE FIRST WORLD, MUMBO'S MOUNTAIN. TO OPEN THE DOOR YOU'LL NEED TO FIND THE JIGSAW PICTURE WITH AN IMAGE OF THIS AREA ON IT. HAVE A LOOK AROUND, IT CAN'T BE FAR AWAY.	여긴 첫 번째 세계, 멈보의 산이야. 문을 열려면 이 지역 모습이 담긴 지기 그림을 찾아야 해. 주변을 둘러봐, 멀리 있지 않을 거야.
00734	0AE6:0:0	대사	83	THIS IS THE FIRST WORLD, MUMBO'S MOUNTAIN. COMPLETE THE JIGSAW PICTURE TO OPEN THE DOOR.	여긴 첫 번째 세계, 멈보의 산이야. 지기 그림을 완성해서 문을 열어.
00735	0AE7:0:0	대사	B5	WHAT'S WRONG BANJO, IS IT TOUGH?	뭐가 문제야 반조, 힘들어?
00736	0AE7:0:1	대사	B5	LET ME KNOW WHEN YOU'VE HAD ENOUGH!	충분하면 알려 줘!
00737	0AE8:0:0	대사	B5	WHEN YOU OPEN A WORLD DOOR,	세계의 문을 열면,
00738	0AE8:0:1	대사	B5	BADDIES ESCAPE AND ROAM ONCE MORE!	나쁜 놈들이 탈출해서 다시 돌아다녀!
00739	0AE9:0:0	대사	CF	CODE IS '{FD}hBLUEEGGS{FD}l'. ENTER CODE ON SANDCASTLE FLOOR IN TREASURE TROVE COVE. EGGCITING SURPRISE AWAITS!	코드는 '{FD}hBLUEEGGS{FD}l'이야. 보물의 만 모래성 바닥에 코드를 입력해. 알찬 놀라움이 기다려!
00740	0AEA:0:0	대사	CF	ENTER '{FD}hREDFEATHERS{FD}l' CODE ON SANDCASTLE FLOOR IN TREASURE TROVE COVE. BIRD LIKE THIS ONE!	보물의 만 모래성 바닥에 '{FD}hREDFEATHERS{FD}l' 코드를 입력해. 새가 이걸 좋아할걸!
00741	0AEB:0:0	대사	CF	BEAT WITCH BEAR WILL IF ENTER '{FD}hGOLDFEATHERS{FD}l' CODE ON SANDCASTLE FLOOR IN TREASURE TROVE COVE.	보물의 만 모래성 바닥에 '{FD}hGOLDFEATHERS{FD}l' 코드를 입력하면 곰이 마녀를 이길 거야.
00742	0AEC:0:0	대사	B5	YOUR FEATHERED BUDDY, THAT YOU'VE BRUNG,	네가 데려온 그 깃털 친구는,
00743	0AEC:0:1	대사	B5	USELESS LIKE A PILE OF DUNG!	똥 더미처럼 쓸모없네!
00744	0AED:0:0	대사	B5	HEY BANJO, YOU'RE LOOKING GLUM,	이봐 반조, 우울해 보이네,
00745	0AED:0:1	대사	B5	IT MUST BE HARD, BEING SO DUMB!	그렇게 멍청하니 힘들겠지!
00746	0AEE:0:0	대사	B5	MANY TRICKS ARE UP MY SLEEVE,	내 소매 속엔 속임수가 잔뜩,
00747	0AEE:0:1	대사	B5	TO SAVE YOURSELF YOU'D BETTER LEAVE!	살고 싶으면 떠나는 게 나을걸!
00748	0AEF:0:0	대사	B5	I CAN SEE IT'S QUITE HARD WORK,	꽤나 고된 일이겠는걸,
00749	0AEF:0:1	대사	B5	TO LUMP AROUND THAT SQUAWKING JERK!	저 꽥꽥대는 놈을 짊어지고 다니느라니!
00750	0AF0:0:0	대사	B5	HOW BRIGHT THEY ARE, YOUR STUPID SHORTS,	그 바보 같은 반바지 참 눈부시네,
00751	0AF0:0:1	대사	B5	A TARGET FOR MY DUMB COHORTS!	내 멍청한 부하들한텐 딱 좋은 표적이야!
00752	0AF1:0:0	대사	B5	JOIN ME NOW AND DUMP THE BEAR,	지금 나한테 와서 그 곰은 버려,
00753	0AF1:0:1	대사	B5	THAT LITTLE BACKPACK THEN I'LL WEAR!	그럼 그 작은 배낭은 내가 멜게!
00754	0AF2:0:0	대사	B5	THAT UGLY BEAR YOU FEATHERED FREAK,	그 못생긴 곰은, 깃털 괴짜야,
00755	0AF2:0:1	대사	B5	IS NOTHING BUT A STUPID GEEK!	그냥 멍청한 괴짜일 뿐이지!
00756	0AF3:0:0	대사	B5	IT REALLY DOES SOUND QUITE ABSURD,	정말이지 터무니없이 들리는걸,
00757	0AF3:0:1	대사	B5	ADVENTURE OF A BEAR AND BIRD!	곰이랑 새의 모험이라니!
00758	0AF4:0:0	대사	B5	YOU SIDE WITH BANJO BUT CHANGE TACK,	반조 편을 들다가 마음 바꾸면,
00759	0AF4:0:1	대사	B5	IMAGINE YOU ON GRUNTY'S BACK!	네가 그런티 등에 탄 걸 상상해 봐!
00760	0AF5:0:0	대사	B5	I'M STILL HERE, I WATCH YOU PLAY,	난 아직 여기서, 네가 노는 걸 지켜보지만,
00761	0AF5:0:1	대사	B5	BUT I CAN'T THINK OF MUCH TO SAY!	딱히 할 말이 생각 안 나네!
00762	0AF6:0:0	대사	B5	WHEN THE BACK OF GRUNTY'S HAND,	그런티의 손등이,
00763	0AF6:0:1	대사	B5	WHUPS YOUR BUTT YOU'LL HARDLY STAND!	네 엉덩이 때리면 넌 제대로 서 있지도 못할걸!
00764	0AF7:0:0	대사	B5	YOUR BUTT WILL TELL YOU, AND YOU'LL KNOW,	네 엉덩이가 말해 줄 거야, 알게 될 거야,
00765	0AF7:0:1	대사	B5	WHEN MY BOOT SWINGS TO AND FRO!	내 장화가 이리저리 휘두를 때!
00766	0AF8:0:0	대사	B5	MONSTERS CHASE YOU, THEY'RE A HOUNDING,	괴물들이 널 쫓아오지, 떼 지어 몰려와,
00767	0AF8:0:1	대사	B5	THEN YOU'LL GET A GRUNTY POUNDING!	그럼 넌 그런티한테 두들겨 맞을 거야!
00768	0AF9:0:0	대사	B5	LONG OF TOOTH AND STRONG OF ARM,	이빨은 길고 팔은 튼튼하지,
