위치	수정	이유
0914:0:0	봐라...얌얌한테 줄 맛있는 간식이다!	이름 통일(YUM-YUM=얌얌, UI와 같게)
091A:0:0	나 리키, 물 새서 쓸모없다. 곰이 돌멩이로 구멍 막아줄 수 있어?	ME LEAKY = 이름(리키) 말장난 살림, 어눌한 말투
0928:0:0	리키 구멍 막혔다. 이제 곰한테 물 비워줄게!	리키 이름·어눌한 말투 통일
0932:0:0	어이! 내 소중한 물이잖아.	OI! = 감탄사(오이 아님)
0933:0:0	쳇...됐다! 난 평화롭고 조용한 곳을 찾아 이 사막을 떠나겠어!	BAH = 쳇
0934:0:0	그래바가 지기를 가졌지롱, 메롱메롱!	NER NER = 놀리는 소리
0936:0:0	곰은 너무 느려, 메롱메롱!	NER NER = 놀리는 소리
0939:0:0	아아...징시의 코가 뚫렸다. 들어와!	이름 통일(JINXY=징시, UI와 같게)
0958:0:0	으응...콩가, 잘 맞혔다!	콩가가 자기 자랑하는 말(뜻 바로잡음)
0965:0:6	새대가리는 배낭에 알을 100개까지 넣고 다닐 수 있어. 아, 그리고 웅크릴 때는 컨트롤 스틱으로 조준할 수도 있지. 알찬 기술이지, 응?	EGGS-CITING 말장난(알쏭달쏭은 뜻이 다름)
0973:0:0	감히 누가 보스 붐 박스의 화물칸에 들어왔나?	이름 통일(BOSS BOOM BOX=보스 붐 박스, UI와 같게)
0973:0:2	내 지기를 숨겨뒀다, 넌 절대 못 찾아!	용어 통일(JIGSAW/JIGGY=지기)
097B:1:1	우리랑 경주하자, 꽁꽁 언 엉덩이야!	NUMB BUTT(얼어붙은 엉덩이) 뜻 살림
098C:0:0	우린 트윙클리야! 우리가 나무로 폴짝폴짝 건너가는 동안 트윙클리 먼처들로부터 보호해줘. 충분한 수가 도착하면 널 위해 나무를 밝혀줄게!	이름 통일(TWINKLY MUNCHER=트윙클리 먼처, UI와 같게)
09C2:0:0	으음...탱크텁이 드디어 따뜻해졌다! 이걸 받고 싶겠지!	이름 통일(TANKTUP=탱크텁, UI와 같게)
09CE:0:0	나는 젊어지고 투티는 늙겠지,	운율 뜻 바로잡음(원문: 나는 젊어지고 투티는 늙는다)
09CE:0:1	네가 그런틸다의 금을 손에 넣기도 전에!	운율 뜻 바로잡음
0965:1:1	듣고 있어, 딱정벌레 입냄새...	BEETLE BREATH 표현 통일(0A69:1:1 과 같게)
09E3:0:0	누가 이 바위 좀 치워줘, 노티가 집에 못 들어가고 있어!	이름 통일(GNAWTY=노티, UI와 같게)
09EB:0:0	부와아르! 나는 에이리...위대한 독수리! 이제 잠이 필요해...	이름 통일(EYRIE=에이리, UI와 같게)
09EC:0:0	에이리는 지금 배고파, 애벌레 5마리가 필요해!	이름 통일(에이리)
09EE:0:0	꺼억! 에이리 이제 배불러, 잠을 더 자야겠다...	이름 통일(에이리)
09EF:0:0	곰이 에이리한테 애벌레를 더 가져와! 이번엔 10마리 필요해!	이름 통일(에이리)
09F0:0:0	고마워 곰아, 에이리는 곧 큰 새가 될 거야! 먼저 잠부터 자야지...	이름 통일(에이리)
09F1:0:0	드디어 에이리가 위대한 독수리가 됐다! 하늘로 날아오르는 걸 지켜봐!	이름 통일(에이리)
09FB:0:1	네 목숨을 깎는 데도 아주 그만이지!	뜻 바로잡음(목숨 잃게 하는 데 도움이 된다)
0A05:0:0	우리는 뮤티 스스니펫이다! 지기는 우리 거다, 우리와 싸워라스스!	이름·용어 통일(MUTIE-SNIPPET=뮤티 스니펫, JIGSAW=지기), 쉿쉿 말투 살림
0A06:0:0	흐스스...뮤티 스스니펫이 졌다, 상품은 네 거다스스!	이름 통일 + 뜻 바로잡음(네 것이 상품이다 → 상품은 네 것)
0A08:0:0	이 기술은 부리양의 날개를 나쁜 녀석들을 막는 방패로 쓰는 거야!	보틀스가 카주이를 부르는 별명 통일(BEAKY/BEAKO=부리양)
0A0D:0:0	나 멈보, 이 게임 최고 주술사. 반조랑 더러운 깃털 녀석 도와줄 수 있다.	멈보 말투 통일(어눌한 3인칭)
0A0D:0:2	멈보 마법 토큰, 마녀가 숨겼다. 토큰 찾으면 멈보가 도와준다.	멈보 말투 통일
0A0E:0:0	원래대로 돌아가는 멈보 마법은 공짜. 준비되면 와라.	멈보 말투 통일 + 뜻 정리
0A0F:0:0	흰개미 좀 작다, 그래도 첫 주문치곤 나쁘지 않다. 멈보 연습 필요!	멈보 말투 통일
0A10:0:0	아아...멈보 호박 주문 자랑스럽다, 좋은 수프 되겠다!	멈보 말투 통일
0A11:0:0	반조 완전 뚱뚱해졌다, 이빨도 커졌다...흐흐!	멈보 말투 통일
0A12:0:0	잠깐, 멈보 새 장화 필요하다! 농담이다...	멈보 말투 통일
0A13:0:0	멈보 마법 아주 좋다! 벌이 제일 잘됐다!	멈보 말투 통일
0A2E:0:0	음...주문이 잘못됐어. 멈보 샅바 다 더러워졌어, 네가 빨래해? 흐흐...흐흐!	HUR HUR 웃음 통일(흐흐)
0A35:0:2	반조, 친구가 참 이상하게 생겼네. 저거 말할 줄은 알아?	오역 바로잡음(이상하게 생긴 건 반조가 아니라 카주이)
0A36:0:3	그럼 이거 해 봐, 부리양! R 톡 눌러서 카메라를 반조 뒤로 옮겨 봐!	별명 통일(부리양)
0A4B:0:3	나선산 꼭대기에서 보자.	지명 통일(SPIRAL MOUNTAIN=나선산, UI와 같게)
0A52:0:2	아직 기본기를 다 안 배웠잖아, 그 마녀한테 혼쭐날 거야!	'그녀' 번역투 정리
0A54:0:0	그래, 기본 동작을 다 배웠구나! 나선산 꼭대기에서 만나, 다음에 뭘 해야 할지 알려 줄게.	지명 통일(나선산)
0A57:0:2	달리면서 B 눌러서 구르기, 연습할 볼이 있나 찾아볼게...	이름 통일(BAWL=볼, UI와 같게)
0A62:0:0	오...미안하지만 보물의 만에서 모래성 게임 지기를 얻기 전까진 이 숨겨진 비법에 대해 더 말해 줄 수 없어.	지명·용어 통일(보물의 만, 지기)
0A62:0:2	안 돼! 모래성 지기를 얻었을 때만.	용어 통일(지기)
0A65:0:0	Z를 누르면 설명을 다시 읽고, START를 누르면 언제든 게임을 그만둘 수 있어.	소문자 start 정리, 문장 다듬음
0A67:0:0	뭐가 문제야 부리양, 내 게임이 너무 어려워?	별명 통일(부리양)
0A69:0:3	보물의 만 모래성 바닥의 타일을 써서 'BOTTLESBONUSONE'이라는 단어를 맞춰 봐.	지명 통일(보물의 만)
0A76:0:0	이봐, 저걸 해내다니 속임수를 썼구나!	오역 바로잡음(치사하게 했겠지)
0A88:1:0	아닌 것 같아요. 저건 누구예요?	투티가 두더지 아저씨에게 쓰는 존댓말 통일(앞 줄과 같게)
0A8C:0:0	이런, 그 애가 잡혀갔어! 누가......도와줘요!	뜻 분명히(SHE'S GOT HER)
0A8E:1:0	하암...왜 그래, 카주이?	WHAT DO YOU WANT = 왜 그래(직역투 정리)
0A90:0:3	네 오빠는 널 구하러 올 엄두도 못 낼걸,	오역 바로잡음(HE = 오빠)
0A90:0:7	네에, 그런티 마님! 전원 켜졌쓰니, 곧 준비돼요...	MISTRESS=마님(클렁고 시종 말투), 쉿소리 살림
0A92:0:0	네에, 그런티 마님, 변신이 곧 끝나요오...	MISTRESS=마님
0A93:0:1	곰이랑 새는 끝장, 그런티 마님 승리예요!	MISTRESS=마님, 문장 다듬음
0A94:0:2	오, 정말 그러세요, 마님!	OH YOU ARE = 맞장구(마님)
0A9C:1:1	아야! 아니, 가야 돼, 가자!	뜻 바로잡음(YES YOU ARE)
0AAE:0:0	멍청한 곰이랑 바보 카주이,	운율·뜻 정리
0AAE:0:1	다음에 돌아오마,	뜻 바로잡음(I'LL BE BACK FOR)
0AAE:0:2	반조-투이에서!	게임 제목(BANJO-TOOIE)
0AB7:0:0	흐응...클렁고 못된 바위 민다! 걱정 마세요 마님, 제가 구해 드릴게요!	MISTRESS=마님, 이름 통일(클렁고)
0AB8:0:0	끄응...바위 너무 무거워요, 그래도 클렁고는 마님을 구해야 해요!	MISTRESS=마님, 말투 통일
0B0F:0:0	곰과 새가 빨간 깃털 100개를 얻는다. 최대치도 이제 100개다!	용어 통일(RED FEATHER=빨간 깃털)
0B13:1:4	저기, 얘 말은 우리가 그런틸다를 찾고 있다는 거야. 어디 있는지 알아?	뜻 바로잡음(SHE SAID = 카주이가 한 말 풀이)
0B22:0:0	아... 남은 지기가 없구나, 가서 더 찾아와야겠어!	용어 통일(JIGSAW PIECE=지기)
0B23:0:0	음표를 좀 찾았지만, 더 필요하지,	용어 통일(NOTE=음표)
0B5A:0:0	그 여자가 좋아하는 ~ 한 잔을 홀짝이면서 말이야!	'그녀' 번역투 정리(브렌틸다 말투 통일)
0B5D:0:0	'뚱보 마녀 월간지' 표지에 나왔다고 종종 자랑하는데, ~라나!	글꼴에 없는 < > 대신 ' ', 잡지 이름 다듬음
0B5F:0:0	~라는 이름의 이 불쌍한 녀석이, 그 여자의 처음이자 유일한 남자친구였다!	'그녀' 번역투 정리
0BBB:0:2	지금 당장 돌아가라, 아니면 내 장화 맛을 볼 테니!	BOOT=장화(다른 줄과 같게)
0BEC:0:1	리스 '록업' 루이스	이름 통일(LOCKUP=록업, UI와 같게)
0BF0:0:1	스티븐 '모래엉덩이' 허스트	별명 통일(SANDYBUTT=모래엉덩이, 093D 대사와 같게)
0CAA:Q:0	패하기 전에 기억해 봐,	'지기 전에'가 아이템 이름 지기와 헷갈림
C:12AB8	A버튼: 게임 시작, Z버튼: 삭제!	UI는 원문 길이(42바이트) 이하여야 함 — 넘치면 끝 글자가 깨짐(스샷 '삭제하세있ㅌ')
C:12B64	: 없음	UI 원문 길이(7바이트) 이하 — '비어있음'이 넘쳐 다음 줄에 '음'이 붙음
C:14FB0	게임 계속하기	UI 원문 길이(14바이트) 이하
C:15154	A:예 B:아니오	UI 원문 길이(15바이트) 이하
C:15574	그러블	UI 원문 길이(7바이트) 이하
C:155F4	크록터	UI 원문 길이(7바이트) 이하
C:15750	주바들	이름 통일(ZUBBAS=주바, 대사와 같게)
0A81:0:0	딩팟, 딩팟, 작업대의 딩팟아,	BENCH = 그런틸다 작업대(벤치 아님), 원문 DINGPOT 반복 살림 — 하스피 확인
