360위치	360원문	번역
965:0:2	HOLD THE RIGHT OR LEFT TRIGGER, THEN PRESS Y TO SHOOT AN EGG OUT OF YOUR MOUTH!	RT나 LT를 누른 채로 Y를 누르면 입에서 알을 쏠 수 있어!
965:0:4	SURE...PRESS B INSTEAD AND YOU CAN SHOOT THEM OUT FROM BEHIND!	그래...대신 B를 누르면 등 뒤로 쏠 수도 있지!
965:0:6	BIRD BRAIN CAN CARRY 100 EGGS IN HER BACKPACK. OH...AND YOU CAN ALSO USE THE LEFT STICK TO AIM WHILE YOU ARE CROUCHING. EGGS-CITING, HUH?	새대가리는 배낭에 알을 100개까지 넣고 다닐 수 있어. 아, 그리고 웅크릴 때는 왼쪽 스틱으로 조준할 수도 있지. 알찬 기술이지, 응?
966:0:0	I CALL THIS THE BEAK BUSTER. JUMP INTO THE AIR, THEN PRESS THE RIGHT OR LEFT TRIGGER TO SEND KAZOOIE SLAMMING HARD DOWN TO THE FLOOR!	이건 부리 박치기라고 부르지. 공중으로 뛰어오른 다음 RT나 LT를 눌러서 카주이를 바닥에 세게 내리꽂는 거야!
967:0:2	HOLD THE RIGHT TRIGGER, THEN PRESS THE LEFT TRIGGER. CONTINUE TO HOLD THE RIGHT OR LEFT TRIGGER WHILE MOVING KAZOOIE AROUND WITH THE LEFT STICK. GO PRACTICE!	RT를 누른 채로 LT를 눌러. RT나 LT를 계속 누른 채로 왼쪽 스틱으로 카주이를 움직여. 가서 연습해 봐!
968:0:0	TACKLE STEEP SLOPES WITH THE TALON TROT. HOLD THE RIGHT TRIGGER, THEN PRESS THE LEFT TRIGGER. CONTINUE TO HOLD THE RIGHT OR LEFT TRIGGER WHILE MOVING KAZOOIE AROUND WITH THE LEFT STICK.	탤런 트롯으로 가파른 비탈을 올라가 봐. RT를 누른 채로 LT를 눌러. RT나 LT를 계속 누른 채로 왼쪽 스틱으로 카주이를 움직여.
969:0:0	TO FIRE AN EGG OUT OF KAZOOIE'S MOUTH, HOLD THE RIGHT OR LEFT TRIGGER, THEN PRESS Y. TO FIRE ONE FROM BEHIND, HOLD THE RIGHT OR LEFT TRIGGER AND PRESS B INSTEAD. YOU CAN USE THE LEFT STICK TO AIM WHILE YOU ARE CROUCHING.	카주이 입에서 알을 쏘려면 RT나 LT를 누른 채로 Y를 눌러. 뒤로 쏘려면 RT나 LT를 누른 채로 대신 B를 눌러. 웅크릴 때는 왼쪽 스틱으로 조준할 수 있어.
96A:0:0	SLAM DOWN HARD WITH THE BEAK BUSTER BY JUMPING INTO THE AIR, THEN PRESSING THE RIGHT OR LEFT TRIGGER!	공중으로 뛰어올라 RT나 LT를 눌러서 부리 박치기로 세게 내리꽂아!
9A3:0:2	WHEN YOU'RE FLYING, PRESS X TO LAUNCH KAZOOIE AT A TARGET LIKE A MISSILE! CHOOSE YOUR TARGETS CAREFULLY THOUGH, AS IT COSTS A RED FEATHER EACH TIME YOU USE IT.	하늘을 날 때 X를 누르면 카주이를 미사일처럼 목표물에 발사할 수 있어! 쓸 때마다 빨간 깃털이 하나씩 소모되니까 목표를 신중하게 고르라고.
9A4:0:0	USE THE DEVASTATING BEAK BOMB AERIAL ATTACK BY PRESSING X WHILE KAZOOIE IS FLYING.	카주이가 날고 있을 때 X를 눌러서 필살 부리 폭탄 공중 공격을 써 봐.
A0E:0:2	SURE DOES! HOLD THE RIGHT OR LEFT TRIGGER AND PUSH THE RIGHT STICK RIGHT. KEEP THE RIGHT OR LEFT TRIGGER HELD AND USE THE LEFT STICK TO MOVE AROUND. USE IT WISELY THOUGH, AS THIS MOVE REQUIRES GOLD FEATHERS AND YOU CAN ONLY CARRY 10 OF THEM!	맞아! RT나 LT를 누른 채로 오른쪽 스틱을 오른쪽으로 밀어. RT나 LT를 계속 누른 채로 왼쪽 스틱으로 움직여. 하지만 이건 황금 깃털이 필요하고 10개까지만 들고 다닐 수 있으니 현명하게 써야 해!
A0F:0:0	MAKE YOURSELF INVULNERABLE WITH THE WONDERWING BY HOLDING THE RIGHT OR LEFT TRIGGER AND PUSHING THE RIGHT STICK RIGHT. KEEP THE RIGHT OR LEFT TRIGGER HELD AND USE THE LEFT STICK TO MOVE AROUND.	RT나 LT를 누른 채로 오른쪽 스틱을 오른쪽으로 밀어서 원더윙으로 무적이 돼 봐. RT나 LT를 계속 누른 채로 왼쪽 스틱으로 움직여.
A2E:0:0	AHH...BANJO HAS PLENTY TOKENS. STAND ON SKULL AND PRESS X TO SEE MIGHTY MUMBO MAGIC!	아아...반조는 토큰 충분히 있네. 해골 위에 서서 X 눌러 봐, 강력한 멈보 마법 보여줄게!
A37:1:0	OOOH... AN EGG! THAT'S ONE OF THE SEVEN STOP 'N' SWOP ITEMS WE'VE BEEN LOOKING FOR. I RECKON IT'LL UNLOCK SOMETHING SPECIAL IN MY NUTS & BOLTS ADVENTURE. CAN'T WAIT...	오오오...알이다! 우리가 찾던 스탑 앤 스왑 아이템 일곱 개 중 하나야. 내 너츠 앤 볼츠 모험에서 뭔가 특별한 게 열릴 것 같아. 기대된다...
A38:1:0	WOW, ANOTHER ONE OF THOSE SPECIAL STOP 'N' SWOP EGGS! HOPE THIS ISN'T A CRUEL JOKE AND WE CAN ACTUALLY USE THEM THIS TIME!	우와, 또 그 특별한 스탑 앤 스왑 알이잖아! 이번엔 몹쓸 장난이 아니라 진짜로 쓸 수 있으면 좋겠다!
A39:1:0	COOL... AN ENORMOUS ICE KEY! WE SHOULD KEEP THIS STOP 'N' SWOP ITEM FOR LATER.	멋지다...엄청나게 큰 얼음 열쇠야! 이 스탑 앤 스왑 아이템은 나중을 위해 챙겨 두자.
A3C:0:1	HELLO AGAIN! LET'S START WITH THE CAMERA CONTROLS, THEY'RE ON THE RIGHT STICK.	또 만났네! 카메라 조작부터 시작하자, 오른쪽 스틱으로 해.
A3C:0:3	TRY THIS THEN, BEAKY! TAP THE RIGHT OR LEFT BUMPER TO MOVE THE CAMERA BEHIND BANJO!	그럼 이거 해 봐, 부리양! RB나 LB를 톡 눌러서 카메라를 반조 뒤로 옮겨 봐!
A3C:0:5	NO...HOLD THE RIGHT OR LEFT BUMPER TO KEEP THE CAMERA BEHIND YOUR FEATHERY BUTT! TRY IT OUT, I'LL SEE YOU AT THE NEXT MOLEHILL.	아니...RB나 LB를 길게 눌러서 카메라를 네 깃털 엉덩이 뒤에 계속 두는 거야! 한번 해 봐, 다음 두더지 굴에서 보자.
A3D:0:0	YOU CAN MOVE THE CAMERA VIEW WITH THE RIGHT STICK. TAP THE RIGHT OR LEFT BUMPER TO MOVE THE CAMERA BEHIND YOU, AND HOLD IT DOWN TO KEEP THE CAMERA THERE.	오른쪽 스틱으로 카메라 시점을 움직일 수 있어. RB나 LB를 톡 눌러서 카메라를 네 뒤로 옮기고, 길게 누르면 카메라를 거기 계속 두는 거야.
A40:0:3	I'M NOT LISTENING...HOLD THE RIGHT OR LEFT TRIGGER, THEN PRESS A FOR THE MIGHTY FLAPFLIP JUMP!	안 듣고 있어...RT나 LT 누른 채로 A 눌러서 강력한 플랩플립 점프!
A42:0:0	PRESS A TO JUMP. PRESS A AGAIN WHILE YOU ARE JUMPING FOR A DOUBLE JUMP. HOLD THE RIGHT OR LEFT TRIGGER AND PRESS A FOR THE FLAPFLIP JUMP.	A 눌러서 점프. 점프 중에 A 한 번 더 눌러서 더블 점프. RT나 LT 누른 채로 A 눌러서 플랩플립 점프.
A43:0:2	USE THE LEFT STICK TO SWIM ON THE SURFACE. TO SWIM UNDERWATER, PRESS X TO DIVE. GO ON, GIVE IT A TRY!	왼쪽 스틱으로 수면에서 수영해. 물속에서 수영하려면 X 눌러서 잠수해. 자, 한번 해 봐!
A44:0:0	WHILE UNDERWATER, BANJO CAN PRESS A TO KICK HIS LEGS AND THE WINGED WONDER CAN PRESS X TO USE HER WINGS.	물속에서는, 반조는 A 눌러서 다리로 차고 날개 달린 경이로운 녀석은 X 눌러서 날개를 쓸 수 있어.
A45:0:0	USE THE LEFT STICK TO SWIM ON THE SURFACE, THEN PRESS X TO DIVE UNDERWATER.	왼쪽 스틱으로 수면에서 수영하고, X 눌러서 물속으로 잠수해.
A46:0:0	PRESS X WHEN SWIMMING ON THE SURFACE TO DIVE. WHILE UNDERWATER, PRESS A TO SWIM SLOWLY OR X TO SWIM QUICKLY.	수면에서 수영 중에 X 누르면 잠수해. 물속에서는, A 눌러서 천천히 수영하거나 X 눌러서 빠르게 수영해.
A47:0:2	SIMPLY PRESS X WHEN STANDING STILL OR MOVING SLOWLY.	가만히 서 있거나 천천히 움직일 때 그냥 X 누르면 돼.
A48:0:0	PRESS X WHILE STANDING STILL FOR A CLAW SWIPE. RUN AND PRESS X TO USE THE ROLLING ATTACK. JUMP AND PRESS X FOR YOUR JUMPING PECK MOVE.	가만히 서서 X 누르면 발톱 할퀴기. 달리면서 X 누르면 구르기 공격. 점프하면서 X 누르면 점프 쪼기 기술.
A49:0:2	NOT YET! BANJO, JUMP ONTO A TREE, THEN USE THE LEFT STICK TO CLIMB UP OR DOWN!	아직은 아냐! 반조, 나무에 점프해서, 왼쪽 스틱으로 위아래로 올라가고 내려가 봐!
A4B:0:0	JUMP ONTO A TREE AND USE THE LEFT STICK TO CLIMB UP AND DOWN.	나무에 점프해서 왼쪽 스틱으로 위아래로 올라가고 내려가.
A4C:0:2	HOLD THE RIGHT OR LEFT TRIGGER, THEN PRESS X FOR A POWERFUL BEAKY BARGE!	RT나 LT 누른 채로 X 눌러서 강력한 부리 돌진!
A4E:0:0	HOLD THE RIGHT OR LEFT TRIGGER, THEN PRESS X TO USE THE BEAK BARGE.	RT나 LT 누른 채로 X 눌러서 부리 돌진을 써.
A4F:0:1	EXPLORE THIS AREA AND LOOK OUT FOR MY MOLEHILLS. STAND NEXT TO THEM AND PRESS X TO CALL ME. SEE YOU SOON!	이 지역을 탐험하면서 내 두더지 굴을 찾아봐. 옆에 서서 X 누르면 나를 부를 수 있어. 곧 보자!
A50:0:0	FIND ANOTHER MOLEHILL AND PRESS X, I'LL SPEAK TO YOU THERE.	다른 두더지 굴 찾아서 X 눌러, 거기서 얘기해 줄게.
A56:0:0	YOU'VE ASKED FOR THIS...I'M ERASING YOUR SAVE GAME!	이러길 바란 거지...네 세이브 데이터 지워 버릴 거야!
A5D:0:2	ROLL BY RUNNING AND PRESSING X, I'LL SEE IF I CAN FIND BAWL FOR YOU TO PRACTICE ON...	달리면서 X 눌러서 구르기, 연습할 볼이 있나 찾아볼게...
A5F:0:2	TRY OUT THE RAT-A-TAT RAP BY JUMPING AND PRESSING X IN THE AIR. NOW WHERE'S COLLYWOBBLE?	점프해서 공중에서 X 눌러 랫어탯랩 시도해 봐. 자 콜리워블은 어디 있지?
A64:0:0	HOLD THE RIGHT OR LEFT TRIGGER THEN PRESS A. GO FOR IT!	RT나 LT 누른 채로 A 눌러. 해 봐!
A6A:0:0	YOU CAN USE THE LEFT STICK TO MOVE BANJO'S HAND, THEN PRESS A WHEN IT IS OVER A PIECE TO PICK IT UP.	왼쪽 스틱으로 반조의 손을 움직여서, 조각 위에 갔을 때 A 눌러서 집어.
A6A:0:1	WHILE A PIECE IS HELD, YOU CAN PRESS A TO PLACE IT DOWN, X TO RETURN IT TO THE SIDE, OR THE RIGHT STICK TO ROTATE IT.	조각을 들고 있는 동안, A 눌러서 내려놓거나, X 눌러서 옆으로 되돌리거나, 오른쪽 스틱으로 돌릴 수 있어.
A6B:0:0	PRESS THE RIGHT TRIGGER TO READ THE INSTRUCTIONS AGAIN, OR START TO QUIT OUT OF THE GAME AT ANY TIME.	RT를 누르면 설명을 다시 읽고, START를 누르면 언제든 게임을 그만둘 수 있어.
A6C:0:0	USE THE LEFT STICK TO MOVE BANJO'S HAND. PRESS A TO PICK UP AND PUT DOWN PIECES, X TO RETURN THEM TO THE SIDE, OR THE RIGHT STICK TO ROTATE THEM.	왼쪽 스틱으로 반조의 손을 움직여. A 눌러서 조각을 집고 내려놓고, X 눌러서 옆으로 되돌리고, 오른쪽 스틱으로 돌려.
A80:0:0	BANJO! IF YOU USE A THIRD CHEAT CODE YOUR SAVE GAME WILL BE ERASED! ARE YOU SURE YOU WANT TO DO THIS? PRESS A FOR YES OR B FOR NO...	반조! 세 번째 치트 코드를 쓰면 네 세이브 데이터가 지워질 거야! 정말 이렇게 하고 싶어? 좋으면 A, 아니면 B...
ABA:1:0	HEY... I'D BETTER BE IN IT TOO, SHORT STUFF!	이봐...나도 거기 꼭 나와야 해, 땅딸보!
ABB:0:0	BANJO-KAZOOIE: NUTS & BOLTS MAKE BANJO-KAZOOIE LOOK LIKE JOKE. MUMBO SHOW YOU PICTURES OF STUFF CAN USE IN NEW GAME! HERE, TAKE LOOK...	반조-카주이: 너츠 앤 볼츠는 반조-카주이를 농담처럼 보이게 만들어. 멈보가 새 게임에서 쓸 수 있는 것들 사진 보여줄게! 자, 봐 봐...
ABC:0:2	BANJO-KAZOOIE: NUTS & BOLTS!	반조-카주이: 너츠 앤 볼츠에서!
AB7:0:1	BANJO-KAZOOIE: NUTS & BOLTS!	반조-카주이: 너츠 앤 볼츠!
AB8:1:0	SOUNDS GREAT, IS IT ANY GOOD?	멋진데, 재밌어?
AE2:0:1	THE ~ NOTES YOU JUST COLLECTED COUNTS AS YOUR BEST NOTE SCORE! TRY TO GET 100 ON EACH WORLD, AS THEY ARE NEEDED TO OPEN THE NOTE DOORS!	방금 모은 음표 ~개가 네 최고 음표 점수로 기록돼! 각 세계에서 100개를 목표로 해 봐, 음표 문을 열려면 필요하거든!
AE9:0:0	TO REMOVE PIECES THAT YOU HAVE ALREADY PUT DOWN, MOVE THE RIGHT STICK DOWN. BUT ONCE THE PICTURE IS COMPLETE, ALL THE PIECES ARE STUCK THERE PERMANENTLY!	이미 놓은 조각을 빼려면, 오른쪽 스틱을 아래로 밀어. 하지만 그림이 완성되면, 모든 조각이 영원히 거기 붙어 버려!
AEA:0:0	IF YOU WANT TO PLACE ALL YOUR PIECES INTO THE PICTURE, JUST PRESS THE RIGHT TRIGGER!	조각을 다 그림에 놓고 싶으면, 그냥 RT 눌러!
B2B:0:1	OR YOUR SAVE GAME I'LL ERASE!	아니면 네 세이브 데이터를 지워 버릴 테다!
B2C:0:1	SO NOW YOUR SAVE GAME IS ERASED!	그러니 이제 네 세이브 데이터는 지워졌다!
B4A:0:2	PRESS X TO USE IT, YOU LITTLE CHEAT,	X를 눌러 사용해라, 이 꼼수쟁이야,
B6F:0:3	PRESS X IF YOU'D LIKE TO HEAR THEM!	듣고 싶으면 X를 눌러!
9AD:0:0	GAME IS SIMPLE, EAT MORE RED YUMBLIES THAN ME! PRESS X TO EAT YUMBLIES. READY?	게임은 간단해, 나보다 빨간 염블리를 더 많이 먹으면 돼! X를 누르면 염블리를 먹어. 준비됐나?
99A:0:0	I'M A PRESENT, GIVE ME TO SOMEONE SAD.	난 선물이야, 슬픈 친구한테 갖다줘.
99B:0:0	BRRR...IT'S COLD! NICE WARM BACKPACK FOR ME TOO!	부르르...추워! 나도 따뜻한 배낭에 넣어 줘!
99C:0:0	TAKE ME TO THE KIDS, I'M THE LAST ONE!	아이들한테 데려가 줘, 내가 마지막이야!
99D:0:0	I'M A PRESENT, GIVE ME TO SOMEONE SAD.	난 선물이야, 슬픈 친구한테 갖다줘.
99E:0:0	BRRR...IT'S COLD! NICE WARM BACKPACK FOR ME TOO!	부르르...추워! 나도 따뜻한 배낭에 넣어 줘!
99F:0:0	TAKE ME TO THE KIDS, I'M THE LAST ONE!	아이들한테 데려가 줘, 내가 마지막이야!
9A0:0:0	I'M A PRESENT, GIVE ME TO SOMEONE SAD.	난 선물이야, 슬픈 친구한테 갖다줘.
9A1:0:0	BRRR...IT'S COLD! NICE WARM BACKPACK FOR ME TOO!	부르르...추워! 나도 따뜻한 배낭에 넣어 줘!
9A2:0:0	TAKE ME TO THE KIDS, I'M THE LAST ONE!	아이들한테 데려가 줘, 내가 마지막이야!
926:0:1	YOU CAN ALSO TURN SHARPLY WHILE IN THE AIR BY PRESSING THE RIGHT OR LEFT BUMPER.	하늘에서 RB나 LB를 누르면 급하게 방향을 틀 수도 있어.
B2E:0:1	HIDDEN IN LAIR OTHER SPELLBOOKS ARE, THEM YOU SHOULD FIND!	소굴 곳곳에 다른 마법서들이 숨겨져 있으니, 찾아내야 한다!
BD7:0:0	BANJO! IF YOU USE THIS CHEAT, SAVING WILL BE STOPPED, AND YOUR SCORE WILL NOT BE POSTED TO THE LEADERBOARDS!	반조! 이 치트를 쓰면 저장이 멈추고, 네 점수가 순위표에 올라가지 않아!
BD7:0:1	ARE YOU SURE YOU WANT TO USE THIS CHEAT? PRESS A FOR YES OR B FOR NO...	정말 이 치트를 쓰고 싶어? 좋으면 A, 아니면 B...
C40:Q:3	A CARROT	당근
C36:Q:2	BOTTLES TEACHES YOU TWO NEW MOVES 	보틀스가 새 기술을 둘 알려 준다
C36:Q:4	THERE ARE TWO DIFFERENT COLORED FROGS	색이 다른 개구리가 두 마리 있다
C58:Q:2	BANJO TREADS ON THE CREAKY FLOORBOARDS	반조가 삐걱대는 마루를 밟는다
BD8:1:0	HEY BANJO. WE'VE FOUND ALL THE STOP 'N' SWOP ITEMS! TIME TO DITCH THE CHECKLIST AND STASH THEM AWAY FOR USE IN BANJO-KAZOOIE: NUTS & BOLTS!	이봐 반조. 스탑 앤 스왑 아이템을 전부 찾았어! 이제 목록은 치워 버리고 반조-카주이: 너츠 앤 볼츠에서 쓰게 잘 넣어 두자고!
