번호	영어	번역
0	PLAY GAME	게임 시작
1	LEADERBOARDS	순위표
2	ACHIEVEMENTS	도전 과제
3	HELP & OPTIONS	도움말 & 설정
4	UNLOCK FULL GAME	정식판 구입
5	RETURN TO ARCADE	아케이드로 돌아가기
6	HOW TO PLAY	플레이 방법
7	CONTROLS	조작법
8	SETTINGS	설정
9	CREDITS	제작진
10	MUSIC VOLUME	음악 음량
11	SOUND EFFECTS VOLUME	효과음 음량
12	RESTORE DEFAULT SETTINGS	기본 설정으로 되돌리기
13	GAME TOTAL	게임 총계
14	SPIRAL MOUNTAIN	나선산
15	GRUNTILDA'S LAIR	그런틸다의 소굴
16	MUMBO'S MOUNTAIN	멈보의 산
17	TREASURE TROVE COVE	보물의 만
18	CLANKER'S CAVERN	클랭커의 동굴
19	BUBBLEGLOOP SWAMP	보글늪
20	FREEZEEZY PEAK	프리지피크
21	GOBI'S VALLEY	고비의 계곡
22	MAD MONSTER MANSION	미친 괴물 저택
23	RUSTY BUCKET BAY	녹슨 양동이 만
24	CLICK CLOCK WOOD	똑딱똑딱 숲
25	RANK	순위
26	JIGGIES	지기
27	NOTES	음표
28	TIME	시간
29	GAMERTAG	게이머태그
30	CONTROL METHOD	조작 방식
31	RESUME GAME	게임 계속하기
32	VIEW TOTALS	총계 보기
33	No free space	저장 공간 부족
34	Your selected device doesn't have enough free space to create a game save	선택한 저장 장치에 게임을 저장할 공간이 부족합니다.
35	Select again	다시 선택
36	Play without saving	저장하지 않고 플레이
37	Trial Game	체험판
38	This is the Banjo-Kazooie trial game. Further play requires you to unlock the full game. Go on. You know you want to.	반조-카주이 체험판입니다. 계속 플레이하려면 정식판을 구입해야 합니다. 어서요. 하고 싶잖아요.
39	Unlock full game	정식판 구입
40	Exit to the main menu	메인 메뉴로 나가기
41	TRIAL GAME	체험판
42	THIS IS THE BANJO-KAZOOIE TRIAL GAME. THE SAVE FACILITY HAS BEEN DISABLED, AND YOU CAN ONLY PLAY UNTIL COLLECTING YOUR THIRD JIGGY. WHY NOT TAKE THE PLUNGE AND UNLOCK THE FULL GAME? IT HAS JIGGIES BY THE BUCKETLOAD, MASSES OF OTHER STUFF TO SINK YOUR TEETH INTO AND EVEN A SPRINKLING OF STOP 'N' SWOP COMPATIBILITY WITH BANJO-KAZOOIE: NUTS & BOLTS.	반조-카주이 체험판입니다. 저장 기능이 꺼져 있고, 세 번째 지기를 모을 때까지만 플레이할 수 있습니다. 과감하게 정식판을 구입해 보는 건 어떨까요? 지기가 한가득, 즐길 거리도 잔뜩 있고, 반조-카주이: 너츠 앤 볼츠와 스탑 앤 스왑으로 연동되는 재미까지 들어 있습니다.
43	INSTRUCTIONS	설명서
44	HIGH JUMP\HOLD EITHER LT OR RT, AND THEN PRESS A.\\BARGE ATTACK\HOLD EITHER LT OR RT, AND THEN PRESS X TO USE THE BEAK BARGE.\\RAT A TAP\JUMP AND PRESS X FOR YOUR JUMPING PECK MOVE.\\ROLL ATTACK\RUN AND PRESS X TO USE THE ROLLING ATTACK.\\CLAW SWIPE\SIMPLY PRESS X WHEN STANDING STILL OR MOVING SLOWLY.\\SWIM\USE THE LEFT STICK TO SWIM ON THE SURFACE. TO SWIM UNDERWATER, PRESS X TO DIVE. WHILE UNDERWATER, BANJO CAN PRESS A TO KICK HIS LEGS AND THE WINGED WONDER CAN PRESS X TO USE HER WINGS.\\EGG FIRING\HOLD EITHER LT OR RT, THEN Y TO SHOOT AN EGG OUT OF YOUR MOUTH. PRESS B INSTEAD AND YOU CAN SHOOT THEM OUT FROM BEHIND.\\BEAK BOMB\JUMP INTO THE AIR, THEN PRESS LT OR RT TO SEND KAZOOIE SLAMMING HARD DOWN TO THE FLOOR.\\TALON TROT\HOLD LT AND RT. CONTINUE TO HOLD LT OR RT WHILE MOVING KAZOOIE AROUND WITH THE LEFT STICK.\\WONDERWING\HOLD LT OR RT AND PRESS RIGHT ON THE RIGHT STICK. KEEP LT OR RT HELD AND USE THE LEFT STICK TO MOVE AROUND. USE IT WISELY THOUGH, AS THIS MOVE REQUIRES GOLD FEATHERS.	높이 뛰기\LT나 RT를 누른 채로 A를 누릅니다.\\부리 돌진\LT나 RT를 누른 채로 X를 누르면 부리 돌진을 씁니다.\\랫어탯랩\점프한 뒤 X를 누르면 점프 쪼기를 씁니다.\\구르기 공격\달리면서 X를 누르면 구르기 공격을 씁니다.\\발톱 할퀴기\가만히 서 있거나 천천히 움직일 때 X를 누릅니다.\\수영\왼쪽 스틱으로 수면에서 헤엄칩니다. 물속으로 들어가려면 X를 눌러 잠수합니다. 물속에서는 A로 반조가 다리를 차고, X로 카주이가 날갯짓을 합니다.\\알 쏘기\LT나 RT를 누른 채로 Y를 누르면 입에서 알을 쏩니다. 대신 B를 누르면 뒤로 쏩니다.\\부리 박치기\공중으로 뛰어오른 뒤 LT나 RT를 누르면 카주이가 바닥에 세게 내리꽂습니다.\\탤런 트롯\LT와 RT를 누릅니다. LT나 RT를 계속 누른 채로 왼쪽 스틱으로 카주이를 움직입니다.\\원더윙\LT나 RT를 누른 채로 오른쪽 스틱을 오른쪽으로 밉니다. LT나 RT를 계속 누른 채로 왼쪽 스틱으로 움직입니다. 황금 깃털이 필요하니 아껴 쓰세요.
45	\ARE YOU SURE?	\확실합니까?
46	NO	아니오
47	YES	예
48	RANK	순위
49	GAMERTAG	게이머태그
50	NOTES	음표
51	JIGGIES	지기
52	TIME	시간
53	EXIT GAME	게임 종료
54	MOVE	이동
55	CAMERA	카메라
56	PAUSE	일시정지
57	JUMP	점프
58	ATTACK/DIVE	공격/잠수
59	CROUCH	웅크리기
60	CROUCH	웅크리기
61	FOLLOW CAMERA	카메라 따라가기
62	SELECT	선택
63	BACK	뒤로
64	LOWER VOLUME	음량 줄이기
65	RAISE VOLUME	음량 키우기
66	SCROLL UP	위로 넘기기
67	SCROLL DOWN	아래로 넘기기
68	PRESS START TO PLAY	START 버튼을 누르세요
69	PLAY GAME	게임 시작
70	ERASE SAVE	세이브 삭제
71	UNLOCK FULL GAME	정식판 구입
72	RETURN TO ARCADE	아케이드로 돌아가기
73	ERASE SAVE	세이브 삭제
74	CANCEL	취소
75	ACCEPT TRAINING	배우기
76	DECLINE TRAINING	배우지 않기
77	FRIENDS	친구
78	MY SCORE	내 점수
79	OVERALL	전체
80	NO ONE IS RANKED ON THIS LEADERBOARD YET.	이 순위표에는 아직 아무도 없습니다.
81	YOUR FRIENDS ARE NOT YET RANKED ON THIS LEADERBOARD	이 순위표에는 아직 친구가 없습니다.
82	YOU ARE NOT YET RANKED ON THIS LEADERBOARD	이 순위표에 아직 내 기록이 없습니다.
83	PLEASE WAIT	잠시 기다리세요
84	TOTAL NUMBER OF PLAYERS	전체 플레이어 수
85	PREVIOUS	이전
86	NEXT	다음
87	RETRY	다시 시도
88	CONTINUE OFFLINE	오프라인으로 계속
89	USE THE LEFT STICK TO SELECT A GAME.	왼쪽 스틱으로 게임을 선택하세요.
90	PRESS A TO PLAY THE GAME OR RIGHT TRIGGER TO ERASE IT!	A버튼: 게임 시작, RT: 삭제!
91	ARE YOU SURE? PRESS A TO CONFIRM, OR B TO CANCEL	확실합니까? A버튼으로 확인, B버튼으로 취소
92	GAME TOTAL	게임 총계
93	SPIRAL MOUNTAIN	나선산
94	GRUNTILDA'S LAIR	그런틸다의 소굴
95	MUMBO'S MOUNTAIN	멈보의 산
96	TREASURE TROVE COVE	보물의 만
97	CLANKER'S CAVERN	클랭커의 동굴
98	BUBBLEGLOOP SWAMP	보글늪
99	FREEZEEZY PEAK	프리지피크
100	GOBI'S VALLEY	고비의 계곡
101	MAD MONSTER MANSION	미친 괴물 저택
102	RUSTY BUCKET BAY	녹슨 양동이 만
103	CLICK CLOCK WOOD	똑딱똑딱 숲
104	STOP 'N' SWOP	스탑 앤 스왑
105	GAME	게임
106	: TIME	: 시간
107	JIGSAW	지기
108	JIGSAWS	지기
109	NOTE	음표
110	NOTES	음표
111	: EMPTY	: 없음
112	CONTROLS	조작법
113	SAVING...	저장 중...
114	Corrupt Save	손상된 세이브
115	Your save data appears to be corrupt.  Create a new save and overwrite the corrupt one?	세이브 데이터가 손상된 것 같습니다. 새 세이브를 만들어 손상된 데이터를 덮어쓰시겠습니까?
116	Create a new save	새 세이브 만들기
117	Play without saving	저장하지 않고 플레이
118	THIS FEATURE REQUIRES A GAMER PROFILE WHICH IS SIGNED INTO XBOX LIVE	이 기능을 쓰려면 XBOX LIVE에 로그인한 게이머 프로필이 필요합니다.
119	CHANGE GAMER PROFILE	게이머 프로필 바꾸기
120	BACK	뒤로
121	Gamer profile not online	게이머 프로필이 오프라인입니다
122	This game has some features which require an Xbox LIVE enabled gamer profile, but you are currently offline.	이 게임의 일부 기능은 Xbox LIVE를 쓸 수 있는 게이머 프로필이 필요하지만, 지금은 오프라인 상태입니다.
123	Connect to Xbox LIVE	Xbox LIVE에 연결
124	Continue playing offline	오프라인으로 계속 플레이
125	CHEAT ENABLED - SAVING AND LEADERBOARD UPDATES DISABLED	치트 사용 중 - 저장과 순위표 갱신이 꺼졌습니다
126	Trial Game	체험판
127	Nice work! This achievement can only be awarded in the Banjo-Kazooie full game, which makes this an excellent time to splash the cash and unlock the full game in order to receive it. Don't you agree?	잘했어요! 이 도전 과제는 반조-카주이 정식판에서만 받을 수 있습니다. 지금이 바로 정식판을 구입해서 받을 절호의 기회예요. 그렇지 않나요?
128	Unlock full game	정식판 구입
129	Continue with the trial	체험판 계속하기
130	GAMER PROFILE OFFLINE	게이머 프로필 오프라인
131	YOUR GAMER PROFILE IS CURRENTLY OFFLINE.  TO SEND YOUR SCORE TO THE ONLINE LEADERBOARD, PRESS THE XBOX GUIDE BUTTON AND CONNECT TO XBOX LIVE.	지금 게이머 프로필이 오프라인 상태입니다. 점수를 온라인 순위표에 올리려면 XBOX 가이드 버튼을 눌러 XBOX LIVE에 연결하세요.
132	Gamer profile not online	게이머 프로필이 오프라인입니다
133	This game has some features which require an Xbox LIVE enabled gamer profile, but you are currently offline.	이 게임의 일부 기능은 Xbox LIVE를 쓸 수 있는 게이머 프로필이 필요하지만, 지금은 오프라인 상태입니다.
134	Continue playing offline	오프라인으로 계속 플레이
135	ESRB NOTICE: ONLINE INTERACTIONS NOT RATED BY THE ESRB
136	Signed out	로그아웃됨
137	You have been returned to the title screen because your gamer profile was signed out	게이머 프로필이 로그아웃되어 타이틀 화면으로 돌아왔습니다.
138	Continue playing	계속 플레이
139	SAVING FAILED	저장 실패
140	Loading Error	불러오기 오류
141	"Banjo-Kazooie" has failed to load, and cannot continue.	「반조-카주이」를 불러오지 못해 계속할 수 없습니다.
142	Return to Arcade	아케이드로 돌아가기
143	Save failed	저장 실패
144	Your storage device is unavailable or has an error	저장 장치를 쓸 수 없거나 오류가 있습니다.
145	Select a new device	다른 저장 장치 선택
146	Continue without saving	저장하지 않고 계속
147	Gamer profile missing	게이머 프로필 없음
148	Your gamer profile is no longer available.  Your achievement will be stored with your game save.	게이머 프로필을 더 이상 쓸 수 없습니다. 도전 과제는 게임 세이브와 함께 저장됩니다.
149	OK	확인
150	LOADING GAME...	게임 불러오는 중...
151	ERROR LOADING LEADERBOARDS	순위표를 불러오지 못했습니다
152	SAVING CONTENT. PLEASE DON'T TURN OFF YOUR CONSOLE.	저장 중입니다. 본체 전원을 끄지 마세요.
153	CHANGE STORAGE DEVICE	저장 장치 바꾸기
154	LOOK AROUND	둘러보기
155	CARRY ON PLAYING	계속 플레이
156	GIVE UP AND QUIT	포기하고 나가기
157	Guest Gamer Profile	게스트 게이머 프로필
158	This game cannot be played with a guest gamer profile. Please press the Xbox Guide button and select another gamer profile.	게스트 게이머 프로필로는 이 게임을 할 수 없습니다. Xbox 가이드 버튼을 눌러 다른 게이머 프로필을 선택하세요.
159	Disconnected	연결 끊김
160	You have been returned to the menu because you have been disconnected from Xbox LIVE	Xbox LIVE 연결이 끊어져 메뉴로 돌아왔습니다.
161	Continue playing	계속 플레이
162	Overwrite save?	세이브를 덮어쓰시겠습니까?
163	That storage device already contains a save.  Is it OK to overwrite it?	그 저장 장치에는 이미 세이브가 있습니다. 덮어써도 되겠습니까?
164	No - don't overwrite	아니오 - 덮어쓰지 않음
165	Overwrite and save	덮어써서 저장
166	SAVING OF SETTINGS TO GAMER PROFILE HAS FAILED	게이머 프로필에 설정을 저장하지 못했습니다.
167	< 2008 MICROSOFT CORPORATION.  ALL RIGHTS RESERVED.
168	Banjo-Kazooie	반조-카주이
