N64위치	360위치	N64원문	360원문	N64번역	360번역
0965:0:2	965:0:2	HOLD Z, THEN PRESS THE TOP C BUTTON TO SHOOT AN EGG OUT OF YOUR MOUTH!	HOLD THE RIGHT OR LEFT TRIGGER, THEN PRESS Y TO SHOOT AN EGG OUT OF YOUR MOUTH!	Z를 누른 채로 위쪽 C 버튼을 누르면 입에서 알을 쏠 수 있어!	
0965:0:4	965:0:4	SURE...PRESS THE BOTTOM C BUTTON INSTEAD AND YOU CAN SHOOT THEM OUT FROM BEHIND!	SURE...PRESS B INSTEAD AND YOU CAN SHOOT THEM OUT FROM BEHIND!	그래...대신 아래쪽 C 버튼을 누르면 등 뒤로 쏠 수도 있지!	
0965:0:6	965:0:6	BIRD BRAIN CAN CARRY 100 EGGS IN HER BACKPACK. OH...AND YOU CAN ALSO USE THE CONTROL STICK TO AIM WHILE YOU ARE CROUCHING. EGGS-CITING, HUH?	BIRD BRAIN CAN CARRY 100 EGGS IN HER BACKPACK. OH...AND YOU CAN ALSO USE THE LEFT STICK TO AIM WHILE YOU ARE CROUCHING. EGGS-CITING, HUH?	새대가리는 배낭에 알을 100개까지 넣고 다닐 수 있어. 아, 그리고 웅크릴 때는 컨트롤 스틱으로 조준할 수도 있지. 알찬 기술이지, 응?	
0966:0:0	966:0:0	I CALL THIS THE BEAK BUSTER. JUMP INTO THE AIR, THEN PRESS Z TO SEND KAZOOIE SLAMMING HARD DOWN TO THE FLOOR!	I CALL THIS THE BEAK BUSTER. JUMP INTO THE AIR, THEN PRESS THE RIGHT OR LEFT TRIGGER TO SEND KAZOOIE SLAMMING HARD DOWN TO THE FLOOR!	이건 부리 박치기라고 부르지. 공중으로 뛰어오른 다음 Z를 눌러서 카주이를 바닥에 세게 내리꽂는 거야!	
0967:0:2	967:0:2	HOLD Z, THEN PRESS THE LEFT C BUTTON. CONTINUE TO HOLD Z WHILE MOVING KAZOOIE AROUND WITH THE CONTROL STICK. GO PRACTICE!	HOLD THE RIGHT TRIGGER, THEN PRESS THE LEFT TRIGGER. CONTINUE TO HOLD THE RIGHT OR LEFT TRIGGER WHILE MOVING KAZOOIE AROUND WITH THE LEFT STICK. GO PRACTICE!	Z를 누른 채로 왼쪽 C 버튼을 눌러. Z를 누른 채로 컨트롤 스틱으로 카주이를 움직이면서 계속 유지해. 가서 연습해봐!	
0968:0:0	968:0:0	TACKLE STEEP SLOPES WITH THE TALON TROT. HOLD Z, THEN PRESS THE LEFT C BUTTON. CONTINUE TO HOLD Z WHILE MOVING KAZOOIE AROUND WITH THE CONTROL STICK.	TACKLE STEEP SLOPES WITH THE TALON TROT. HOLD THE RIGHT TRIGGER, THEN PRESS THE LEFT TRIGGER. CONTINUE TO HOLD THE RIGHT OR LEFT TRIGGER WHILE MOVING KAZOOIE AROUND WITH THE LEFT STICK.	탤런 트롯으로 가파른 비탈을 올라가 봐. Z를 누른 채로 왼쪽 C 버튼을 눌러. Z를 누른 채로 컨트롤 스틱으로 카주이를 계속 움직여.	
0969:0:0	969:0:0	TO FIRE AN EGG OUT OF KAZOOIE'S MOUTH, HOLD Z, THEN PRESS THE TOP C BUTTON. TO FIRE ONE FROM BEHIND, HOLD Z AND PRESS THE BOTTOM C BUTTON INSTEAD. YOU CAN USE THE CONTROL STICK TO AIM WHILE YOU ARE CROUCHING.	TO FIRE AN EGG OUT OF KAZOOIE'S MOUTH, HOLD THE RIGHT OR LEFT TRIGGER, THEN PRESS Y. TO FIRE ONE FROM BEHIND, HOLD THE RIGHT OR LEFT TRIGGER AND PRESS B INSTEAD. YOU CAN USE THE LEFT STICK TO AIM WHILE YOU ARE CROUCHING.	카주이 입에서 알을 쏘려면 Z를 누른 채로 위쪽 C 버튼을 눌러. 대신 뒤로 쏘려면 Z를 누른 채로 아래쪽 C 버튼을 눌러. 웅크릴 때는 컨트롤 스틱으로 조준할 수 있어.	
096A:0:0	96A:0:0	SLAM DOWN HARD WITH THE BEAK BUSTER BY JUMPING INTO THE AIR, THEN PRESSING Z!	SLAM DOWN HARD WITH THE BEAK BUSTER BY JUMPING INTO THE AIR, THEN PRESSING THE RIGHT OR LEFT TRIGGER!	공중으로 뛰어올라 Z를 눌러서 부리 박치기로 세게 내리꽂아!	
099A:0:0	99A:0:-1	~	(360 에 짝 대사 없음)	~	
099B:0:0	99B:0:-1	~	(360 에 짝 대사 없음)	~	
099C:0:0	9A2:0:-1	~	(360 에 짝 대사 없음)	~	
099D:0:2	9A3:0:2	WHEN YOU'RE FLYING, PRESS B TO LAUNCH KAZOOIE AT A TARGET LIKE A MISSILE! CHOOSE YOUR TARGETS CAREFULLY THOUGH, AS IT COSTS A RED FEATHER EACH TIME YOU USE IT.	WHEN YOU'RE FLYING, PRESS X TO LAUNCH KAZOOIE AT A TARGET LIKE A MISSILE! CHOOSE YOUR TARGETS CAREFULLY THOUGH, AS IT COSTS A RED FEATHER EACH TIME YOU USE IT.	하늘을 날 때 B를 누르면 카주이를 미사일처럼 목표물에 발사할 수 있어! 쓸 때마다 빨간 깃털이 하나씩 소모되니까 목표를 신중하게 고르라고.	
099E:0:0	9A4:0:0	USE THE DEVASTATING BEAK BOMB AERIAL ATTACK BY PRESSING B WHILE KAZOOIE IS FLYING.	USE THE DEVASTATING BEAK BOMB AERIAL ATTACK BY PRESSING X WHILE KAZOOIE IS FLYING.	카주이가 날고 있을 때 B를 눌러서 필살 부리 폭탄 공중 공격을 써봐.	
09A7:0:0	9AD:0:0	GAME IS SIMPLE, EAT MORE RED YUMBLIES THAN ME! READY?	GAME IS SIMPLE, EAT MORE RED YUMBLIES THAN ME! PRESS X TO EAT YUMBLIES. READY?	게임은 간단해, 나보다 빨간 열매를 더 많이 먹으면 돼! 준비됐나?	
0A08:0:2	A0E:0:2	SURE DOES! HOLD Z AND PRESS THE RIGHT C BUTTON. KEEP Z HELD AND USE THE CONTROL STICK TO MOVE AROUND. USE IT WISELY THOUGH, AS THIS MOVE REQUIRES GOLD FEATHERS AND YOU CAN ONLY CARRY 10 OF THEM!	SURE DOES! HOLD THE RIGHT OR LEFT TRIGGER AND PUSH THE RIGHT STICK RIGHT. KEEP THE RIGHT OR LEFT TRIGGER HELD AND USE THE LEFT STICK TO MOVE AROUND. USE IT WISELY THOUGH, AS THIS MOVE REQUIRES GOLD FEATHERS AND YOU CAN ONLY CARRY 10 OF THEM!	맞아! Z를 누른 채로 오른쪽 C 버튼을 눌러. Z를 계속 누른 채로 컨트롤 스틱으로 움직여. 하지만 이건 황금 깃털이 필요하고 10개까지만 들고 다닐 수 있으니 현명하게 써야 해!	
0A09:0:0	A0F:0:0	MAKE YOURSELF INVULNERABLE WITH THE WONDERWING BY HOLDING Z AND PRESSING THE RIGHT C BUTTON. KEEP Z HELD AND USE THE CONTROL STICK TO MOVE AROUND.	MAKE YOURSELF INVULNERABLE WITH THE WONDERWING BY HOLDING THE RIGHT OR LEFT TRIGGER AND PUSHING THE RIGHT STICK RIGHT. KEEP THE RIGHT OR LEFT TRIGGER HELD AND USE THE LEFT STICK TO MOVE AROUND.	Z를 누른 채로 오른쪽 C 버튼을 눌러서 원더윙으로 무적이 돼봐. Z를 계속 누른 채로 컨트롤 스틱으로 움직여.	
0A28:0:0	A2E:0:0	AHH...BANJO HAS PLENTY TOKENS. STAND ON SKULL AND PRESS B TO SEE MIGHTY MUMBO MAGIC!	AHH...BANJO HAS PLENTY TOKENS. STAND ON SKULL AND PRESS X TO SEE MIGHTY MUMBO MAGIC!	아아...반조는 토큰 충분히 있네. 해골 위에 서서 B 눌러 봐, 강력한 멈보 마법 보여줄게!	
0A31:1:0	A37:1:0	OOOH...AN EGG! I'M SURE WE'LL FIND A USE FOR THIS SOMEWHERE...	OOOH... AN EGG! THAT'S ONE OF THE SEVEN STOP 'N' SWOP ITEMS WE'VE BEEN LOOKING FOR. I RECKON IT'LL UNLOCK SOMETHING SPECIAL IN MY NUTS & BOLTS ADVENTURE. CAN'T WAIT...	오오오...알이다! 분명 언젠가 이걸 쓸 데가 있을 거야...	
0A32:1:0	A38:1:0	WOW...ANOTHER ONE OF THOSE SPECIAL EGGS!	WOW, ANOTHER ONE OF THOSE SPECIAL STOP 'N' SWOP EGGS! HOPE THIS ISN'T A CRUEL JOKE AND WE CAN ACTUALLY USE THEM THIS TIME!	우와...또 그 특별한 알이잖아!	
0A33:1:0	A39:1:0	COOL...AN ENORMOUS ICE KEY! WE OUGHT TO KEEP THIS FOR LATER...	COOL... AN ENORMOUS ICE KEY! WE SHOULD KEEP THIS STOP 'N' SWOP ITEM FOR LATER.	멋지다...엄청나게 큰 얼음 열쇠야! 나중을 위해 챙겨 두자...	
0A36:0:1	A3C:0:1	HELLO AGAIN! LET'S START WITH THE CAMERA CONTROLS, THEY'RE ON THE YELLOW C BUTTONS.	HELLO AGAIN! LET'S START WITH THE CAMERA CONTROLS, THEY'RE ON THE RIGHT STICK.	또 만났네! 카메라 조작부터 시작하자, 노란 C 버튼에 있어.	
0A36:0:3	A3C:0:3	TRY THIS THEN, BEAKY! TAP R TO MOVE THE CAMERA BEHIND BANJO!	TRY THIS THEN, BEAKY! TAP THE RIGHT OR LEFT BUMPER TO MOVE THE CAMERA BEHIND BANJO!	그럼 이거 해 봐, 부리양! R 톡 눌러서 카메라를 반조 뒤로 옮겨 봐!	
0A36:0:5	A3C:0:5	NO...HOLD R TO KEEP THE CAMERA BEHIND YOUR FEATHERY BUTT! TRY IT OUT, I'LL SEE YOU AT THE NEXT MOLEHILL.	NO...HOLD THE RIGHT OR LEFT BUMPER TO KEEP THE CAMERA BEHIND YOUR FEATHERY BUTT! TRY IT OUT, I'LL SEE YOU AT THE NEXT MOLEHILL.	아니...R 길게 눌러서 카메라를 네 깃털 엉덩이 뒤에 계속 두는 거야! 한번 해 봐, 다음 두더지 굴에서 보자.	
0A37:0:0	A3D:0:0	YOU CAN MOVE THE CAMERA VIEW WITH THE YELLOW C BUTTONS. TAP R TO MOVE THE CAMERA BEHIND YOU, AND HOLD R TO KEEP THE CAMERA THERE.	YOU CAN MOVE THE CAMERA VIEW WITH THE RIGHT STICK. TAP THE RIGHT OR LEFT BUMPER TO MOVE THE CAMERA BEHIND YOU, AND HOLD IT DOWN TO KEEP THE CAMERA THERE.	노란 C 버튼으로 카메라 시점을 움직일 수 있어. R 톡 눌러서 카메라를 네 뒤로 옮기고, R 길게 눌러서 카메라를 거기 계속 두는 거야.	
0A3A:0:3	A40:0:3	I'M NOT LISTENING...HOLD Z, THEN PRESS A FOR THE MIGHTY FLAPFLIP JUMP!	I'M NOT LISTENING...HOLD THE RIGHT OR LEFT TRIGGER, THEN PRESS A FOR THE MIGHTY FLAPFLIP JUMP!	안 듣고 있어...Z 누른 채로 A 눌러서 강력한 플랩플립 점프!	
0A3C:0:0	A42:0:0	PRESS A TO JUMP. PRESS A AGAIN WHILE YOU ARE JUMPING FOR A DOUBLE JUMP. HOLD Z AND PRESS A FOR THE FLAPFLIP JUMP.	PRESS A TO JUMP. PRESS A AGAIN WHILE YOU ARE JUMPING FOR A DOUBLE JUMP. HOLD THE RIGHT OR LEFT TRIGGER AND PRESS A FOR THE FLAPFLIP JUMP.	A 눌러서 점프. 점프 중에 A 한 번 더 눌러서 더블 점프. Z 누른 채로 A 눌러서 플랩플립 점프.	
0A3D:0:2	A43:0:2	USE THE CONTROL STICK TO SWIM ON THE SURFACE. TO SWIM UNDERWATER, PRESS B TO DIVE. GO ON, GIVE IT A TRY!	USE THE LEFT STICK TO SWIM ON THE SURFACE. TO SWIM UNDERWATER, PRESS X TO DIVE. GO ON, GIVE IT A TRY!	컨트롤 스틱으로 수면에서 수영해. 물속에서 수영하려면 B 눌러서 잠수해. 자, 한번 해 봐!	
0A3E:0:0	A44:0:0	WHILE UNDERWATER, BANJO CAN PRESS A TO KICK HIS LEGS AND THE WINGED WONDER CAN PRESS B TO USE HER WINGS.	WHILE UNDERWATER, BANJO CAN PRESS A TO KICK HIS LEGS AND THE WINGED WONDER CAN PRESS X TO USE HER WINGS.	물속에서는, 반조는 A 눌러서 다리로 차고 날개 달린 경이로운 녀석은 B 눌러서 날개를 쓸 수 있어.	
0A3F:0:0	A45:0:0	USE THE CONTROL STICK TO SWIM ON THE SURFACE, THEN PRESS B TO DIVE UNDERWATER.	USE THE LEFT STICK TO SWIM ON THE SURFACE, THEN PRESS X TO DIVE UNDERWATER.	컨트롤 스틱으로 수면에서 수영하고, B 눌러서 물속으로 잠수해.	
0A40:0:0	A46:0:0	PRESS B WHEN SWIMMING ON THE SURFACE TO DIVE. WHILE UNDERWATER, PRESS A TO SWIM SLOWLY OR B TO SWIM QUICKLY.	PRESS X WHEN SWIMMING ON THE SURFACE TO DIVE. WHILE UNDERWATER, PRESS A TO SWIM SLOWLY OR X TO SWIM QUICKLY.	수면에서 수영 중에 B 누르면 잠수해. 물속에서는, A 눌러서 천천히 수영하거나 B 눌러서 빠르게 수영해.	
0A41:0:2	A47:0:2	SIMPLY PRESS B WHEN STANDING STILL OR MOVING SLOWLY.	SIMPLY PRESS X WHEN STANDING STILL OR MOVING SLOWLY.	가만히 서 있거나 천천히 움직일 때 그냥 B 누르면 돼.	
0A42:0:0	A48:0:0	PRESS B WHILE STANDING STILL FOR A CLAW SWIPE. RUN AND PRESS B TO USE THE ROLLING ATTACK. JUMP AND PRESS B FOR YOUR JUMPING PECK MOVE.	PRESS X WHILE STANDING STILL FOR A CLAW SWIPE. RUN AND PRESS X TO USE THE ROLLING ATTACK. JUMP AND PRESS X FOR YOUR JUMPING PECK MOVE.	가만히 서서 B 누르면 발톱 할퀴기. 달리면서 B 누르면 구르기 공격. 점프하면서 B 누르면 점프 쪼기 기술.	
0A43:0:2	A49:0:2	NOT YET! BANJO, JUMP ONTO A TREE, THEN USE THE CONTROL STICK TO CLIMB UP OR DOWN!	NOT YET! BANJO, JUMP ONTO A TREE, THEN USE THE LEFT STICK TO CLIMB UP OR DOWN!	아직은 아냐! 반조, 나무에 점프해서, 컨트롤 스틱으로 위아래로 올라가고 내려가 봐!	
0A45:0:0	A4B:0:0	JUMP ONTO A TREE AND USE THE CONTROL STICK TO CLIMB UP AND DOWN.	JUMP ONTO A TREE AND USE THE LEFT STICK TO CLIMB UP AND DOWN.	나무에 점프해서 컨트롤 스틱으로 위아래로 올라가고 내려가.	
0A46:0:2	A4C:0:2	HOLD Z, THEN PRESS B FOR A POWERFUL BEAKY BARGE!	HOLD THE RIGHT OR LEFT TRIGGER, THEN PRESS X FOR A POWERFUL BEAKY BARGE!	Z 누른 채로 B 눌러서 강력한 부리 돌진!	
0A48:0:0	A4E:0:0	HOLD Z, THEN PRESS B TO USE THE BEAK BARGE.	HOLD THE RIGHT OR LEFT TRIGGER, THEN PRESS X TO USE THE BEAK BARGE.	Z 누른 채로 B 눌러서 부리 돌진을 써.	
0A49:0:1	A4F:0:1	EXPLORE THIS AREA AND LOOK OUT FOR MY MOLEHILLS. STAND NEXT TO THEM AND PRESS B TO CALL ME. SEE YOU SOON!	EXPLORE THIS AREA AND LOOK OUT FOR MY MOLEHILLS. STAND NEXT TO THEM AND PRESS X TO CALL ME. SEE YOU SOON!	이 지역을 탐험하면서 내 두더지 굴을 찾아봐. 옆에 서서 B 누르면 나를 부를 수 있어. 곧 보자!	
0A4A:0:0	A50:0:0	FIND ANOTHER MOLEHILL AND PRESS B, I'LL SPEAK TO YOU THERE.	FIND ANOTHER MOLEHILL AND PRESS X, I'LL SPEAK TO YOU THERE.	다른 두더지 굴 찾아서 B 눌러, 거기서 얘기해 줄게.	
0A50:0:0	A56:0:0	YOU'VE ASKED FOR THIS...I'M ERASING YOUR GAME PAK!	YOU'VE ASKED FOR THIS...I'M ERASING YOUR SAVE GAME!	이러길 바란 거지...네 게임팩 지워 버릴 거야!	
0A57:0:2	A5D:0:2	ROLL BY RUNNING AND PRESSING B, I'LL SEE IF I CAN FIND BAWL FOR YOU TO PRACTICE ON...	ROLL BY RUNNING AND PRESSING X, I'LL SEE IF I CAN FIND BAWL FOR YOU TO PRACTICE ON...	달리면서 B 눌러서 구르기, 연습할 볼이 있나 찾아볼게...	
0A59:0:2	A5F:0:2	TRY OUT THE RAT-A-TAT RAP BY JUMPING AND PRESSING B IN THE AIR. NOW WHERE'S COLLYWOBBLE?	TRY OUT THE RAT-A-TAT RAP BY JUMPING AND PRESSING X IN THE AIR. NOW WHERE'S COLLYWOBBLE?	점프해서 공중에서 B 눌러 랫어탯랩 시도해 봐. 자 콜리워블은 어디 있지?	
0A5E:0:0	A64:0:0	HOLD Z THEN PRESS A. GO FOR IT!	HOLD THE RIGHT OR LEFT TRIGGER THEN PRESS A. GO FOR IT!	Z 누른 채로 A 눌러. 해 봐!	
0A64:0:0	A6A:0:0	YOU CAN USE THE CONTROL STICK TO MOVE BANJO'S HAND, THEN PRESS A WHEN IT IS OVER A PIECE TO PICK IT UP.	YOU CAN USE THE LEFT STICK TO MOVE BANJO'S HAND, THEN PRESS A WHEN IT IS OVER A PIECE TO PICK IT UP.	컨트롤 스틱으로 반조의 손을 움직여서, 조각 위에 갔을 때 A 눌러서 집어.	
0A64:0:1	A6A:0:1	WHILE A PIECE IS HELD, YOU CAN PRESS A TO PLACE IT DOWN, B TO RETURN IT TO THE SIDE OR THE LEFT AND RIGHT C BUTTONS TO ROTATE IT.	WHILE A PIECE IS HELD, YOU CAN PRESS A TO PLACE IT DOWN, X TO RETURN IT TO THE SIDE, OR THE RIGHT STICK TO ROTATE IT.	조각을 들고 있는 동안, A 눌러서 내려놓거나, B 눌러서 옆으로 되돌리거나, 좌우 C 버튼으로 돌릴 수 있어.	
0A65:0:0	A6B:0:0	PRESS THE Z TO READ THE INSTRUCTIONS AGAIN, OR START TO QUIT OUT OF THE GAME AT ANY TIME.	PRESS THE RIGHT TRIGGER TO READ THE INSTRUCTIONS AGAIN, OR START TO QUIT OUT OF THE GAME AT ANY TIME.	Z를 누르면 설명을 다시 읽고, START를 누르면 언제든 게임을 그만둘 수 있어.	
0A66:0:0	A6C:0:0	USE THE CONTROL STICK TO MOVE BANJO'S HAND. PRESS A TO PICK UP AND PUT DOWN PIECES, B TO RETURN THEM TO THE SIDE OR THE LEFT AND RIGHT C BUTTONS TO ROTATE THEM.	USE THE LEFT STICK TO MOVE BANJO'S HAND. PRESS A TO PICK UP AND PUT DOWN PIECES, X TO RETURN THEM TO THE SIDE, OR THE RIGHT STICK TO ROTATE THEM.	컨트롤 스틱으로 반조의 손을 움직여. A 눌러서 조각을 집고 내려놓고, B 눌러서 옆으로 되돌리고, 좌우 C 버튼으로 돌려.	
0A7A:0:0	A80:0:0	BANJO! IF YOU USE A THIRD CHEAT CODE YOUR GAME PAK WILL BE ERASED! ARE YOU SURE YOU WANT TO DO THIS? PRESS A FOR YES OR B FOR NO...	BANJO! IF YOU USE A THIRD CHEAT CODE YOUR SAVE GAME WILL BE ERASED! ARE YOU SURE YOU WANT TO DO THIS? PRESS A FOR YES OR B FOR NO...	반조! 세 번째 치트 코드를 쓰면 네 게임팩이 지워질 거야! 정말 이렇게 하고 싶어? 좋으면 A, 아니면 B...	
0AB0:0:1	AB7:0:1	BANJO-TOOIE!	BANJO-KAZOOIE: NUTS & BOLTS!	반조-투이!	
0AB1:1:0	AB8:1:0	BANJO-TOOIE! SOUNDS GREAT, IS IT ANY GOOD?	SOUNDS GREAT, IS IT ANY GOOD?	반조-투이! 멋진데, 재밌어?	
0AB3:1:0	ABA:1:0	HEY...WHY ISN'T IT CALLED BANJO-KAZOOIE-TOOIE? I'D BETTER BE IN IT TOO, SHORT STUFF!	HEY... I'D BETTER BE IN IT TOO, SHORT STUFF!	이봐...왜 반조-카주이-투이가 아니야? 나도 거기 꼭 나와야 해, 땅딸보!	
0AB4:0:0	ABB:0:0	BANJO-TOOIE MAKE BANJO-KAZOOIE LOOK LIKE JOKE. MUMBO SHOW YOU PICTURES OF STUFF CAN USE IN NEW GAME! HERE, TAKE LOOK...	BANJO-KAZOOIE: NUTS & BOLTS MAKE BANJO-KAZOOIE LOOK LIKE JOKE. MUMBO SHOW YOU PICTURES OF STUFF CAN USE IN NEW GAME! HERE, TAKE LOOK...	반조-투이는 반조-카주이를 농담처럼 보이게 만들어. 멈보가 새 게임에서 쓸 수 있는 것들 사진 보여줄게! 자, 봐 봐...	
0AB5:0:2	ABC:0:2	BANJO-TOOIE!	BANJO-KAZOOIE: NUTS & BOLTS!	반조-투이에서!	
0ADB:0:0	AE2:0:-1	GRUNTY'S MAGIC STOPS YOU TAKING THE NOTES OFF THE WORLD, BUT THE ~ YOU JUST COLLECTED COUNTS AS YOUR BEST NOTE SCORE. TRY TO GET 100 ON EACH WORLD, AS THEY ARE NEEDED TO OPEN THE NOTE DOORS!	(360 에 짝 대사 없음)	그런티의 마법 때문에 세계 밖으로 음표를 가져갈 순 없지만, 방금 모은 ~개가 네 최고 음표 점수로 기록돼. 각 세계에서 100개를 목표로 해 봐, 음표 문을 열려면 필요하거든!	
0AE2:0:0	AE9:0:0	TO REMOVE PIECES THAT YOU HAVE ALREADY PUT DOWN, PRESS THE DOWN C BUTTON. BUT ONCE THE PICTURE IS COMPLETE, ALL THE PIECES ARE STUCK THERE PERMANENTLY!	TO REMOVE PIECES THAT YOU HAVE ALREADY PUT DOWN, MOVE THE RIGHT STICK DOWN. BUT ONCE THE PICTURE IS COMPLETE, ALL THE PIECES ARE STUCK THERE PERMANENTLY!	이미 놓은 조각을 빼려면, 아래 C 버튼을 눌러. 하지만 그림이 완성되면, 모든 조각이 영원히 거기 붙어 버려!	
0AE3:0:0	AEA:0:0	IF YOU WANT TO PLACE ALL YOUR PIECES INTO THE PICTURE, JUST PRESS Z!	IF YOU WANT TO PLACE ALL YOUR PIECES INTO THE PICTURE, JUST PRESS THE RIGHT TRIGGER!	조각을 다 그림에 놓고 싶으면, 그냥 Z 눌러!	
0B24:0:1	B2B:0:1	OR YOUR GAME PAK I'LL ERASE!	OR YOUR SAVE GAME I'LL ERASE!	아니면 네 게임팩을 지워 버릴 테다!	
0B25:0:1	B2C:0:1	SO NOW YOUR GAME PAK IS ERASED!	SO NOW YOUR SAVE GAME IS ERASED!	그러니 이제 네 게임팩은 지워졌다!	
0B42:0:2	B4A:0:2	PRESS B TO USE IT, YOU LITTLE CHEAT,	PRESS X TO USE IT, YOU LITTLE CHEAT,	B를 눌러 사용해라, 이 꼼수쟁이야,	
0B67:0:3	B6F:0:3	PRESS B IF YOU'D LIKE TO HEAR THEM!	PRESS X IF YOU'D LIKE TO HEAR THEM!	듣고 싶으면 B를 눌러!	
0BF6:0:0	BFE:0:-1	NOA FREE PLAYERS	(360 에 짝 대사 없음)	NOA 플레이테스터	
0BF6:0:1	BFE:0:-1	TODD 'BIGBUTT' BUECHELE	(360 에 짝 대사 없음)	토드 '빅버트' 뷰첼	
0BF6:0:2	BFE:0:-1	DOUGALL 'CROCTUS' CAMPBELL	(360 에 짝 대사 없음)	더갈 '크록터스' 캠벨	
0BF6:0:3	BFE:0:-1	KYLE 'CHINKER' CARLSON	(360 에 짝 대사 없음)	카일 '친커' 칼슨	
0BF6:0:4	BFE:0:-1	BRENT 'BOOM BOX' CLEARMAN	(360 에 짝 대사 없음)	브렌트 '붐 박스' 클리어먼	
0BF6:0:5	BFE:0:-1	SEAN 'EYRIE' EGAN	(360 에 짝 대사 없음)	숀 '에이리' 이건	
0BF6:0:6	BFE:0:-1	BILL 'GRUNTLING' GIESE	(360 에 짝 대사 없음)	빌 '그런틀링' 기즈	
0BF6:0:7	BFE:0:-1	TOM 'TRUNKER' HERTZOG	(360 에 짝 대사 없음)	톰 '트렁커' 헤르초크	
0BF6:0:8	BFE:0:-1	MICHAEL 'KLUNGO' KELBAUGH	(360 에 짝 대사 없음)	마이클 '클렁고' 켈보	
0BF6:0:9	BFE:0:-1	SARA 'SNAREBEAR' OSBORNE	(360 에 짝 대사 없음)	사라 '스네어베어' 오스본	
0BF6:0:10	BFE:0:-1	PATRICK 'TEE-HEE' TAYLOR	(360 에 짝 대사 없음)	패트릭 '티히' 테일러	
0BFE:0:0	C07:0:-1	COPYRIGHT 1998	(360 에 짝 대사 없음)	저작권 1998	
0BFE:0:1	C07:0:-1	NINTENDO-RARE LTD.	(360 에 짝 대사 없음)	닌텐도-레어 주식회사	
0BFE:0:2	C07:0:-1	GAME BY RARE TM	(360 에 짝 대사 없음)	제작: 레어TM	
0BFE:0:3	C07:0:-1	PRODUCED BY RARE	(360 에 짝 대사 없음)	제작사: 레어	
0BFE:0:4	C07:0:-1	PRESENTED BY NINTENDO	(360 에 짝 대사 없음)	제공: 닌텐도	
