위치	방식	뜻(영어)	번역
82455C80	제자리	RETURN TO GAME	게임 계속
82455C8C	제자리	VIEW TOTALS	총계 보기
82455C98	제자리	SAVE AND QUIT	저장 종료
82455CA4	제자리	ARE YOU SURE?	정말요?
82455CB0	제자리	A - YES, B - NO	A:예 B:아니오
824641F8	포인터	USE THE LEFT STICK (1/2)	왼쪽 스틱으로
824641FC	포인터	TO SELECT A GAME. (2/2)	게임을 선택하세요.
82464200	포인터	PRESS A TO PLAY THE GAME (1/2)	A버튼: 게임 시작
82464204	포인터	OR RIGHT TRIGGER TO ERASE IT! (2/2)	RT: 삭제!
82464208	포인터	ARE YOU SURE? (1/3)	확실합니까?
8246420C	포인터	PRESS A TO CONFIRM (2/3)	A버튼: 삭제
82464210	포인터	OR B TO CANCEL (3/3)	B버튼: 취소
82464218	제자리	: TIME	: 시간
82464220	제자리	JIGGIES:	지기:
82464228	제자리	NOTES:	 음표:
82464230	제자리	: NEW FILE	: 새 파일
