360원문	번역
NCL FREE PLAYERS	NCL 공짜 플레이어들
SPELL BOOK	주문책
CREDITS FOR THIS SHINIER VERSION	더 반짝이는 이번 판 제작진
KEYBOARD TAPPING	키보드 두드리기
SCRIBBLERS	낙서꾼들
CHIEF OF IDEAS	아이디어 대장
MORE IDEAS	아이디어 더
CHIEF KEYBOARD TAPPER	키보드 두드리기 대장
DEPUTY KEYBOARD TAPPER	키보드 두드리기 부대장
KEYBOARD TAPPER	키보드 두드리기
OTHER KEYBOARD TAPPING	그 밖의 키보드 두드리기
CHIEF SCRIBBLER	낙서 대장
CARTOONY BITS AND MORE SCRIBBLING	만화 같은 것들과 낙서 더
SCENE CRAYONER	배경 색칠꾼
MORE SKETCHING	스케치 더
OTHER DOODLING	그 밖의 끄적이기
BIG NOISE MAKER	큰 소리 내는 사람
CHIEF FREE PLAYER	공짜 플레이어 대장
RARE FREE PLAYERS	레어 공짜 플레이어들
PAPER PUSHERS	서류 담당
PAPER PUSHER	서류 담당
STRANGE NOISE MAKERS	이상한 소리 내는 사람들
NOA BIG THANKS	NOA 큰 감사
BIG CHEESE THANKS	높으신 분들께 감사
BEAN COUNTING	돈 계산
MOVING 'N' SHAKING	이리 뛰고 저리 뛰기
BIG CHEESES	높으신 분들
ADDITIONAL KEYBOARD TAPPING	추가 키보드 두드리기
RARE BIG CHEESES	레어의 높으신 분들
PICK'N'MIX PAPER PUSHERS	이것저것 서류 담당
HELPFUL IDEAS	도움 되는 아이디어
MGS BIG CHEESE SELECTION	MGS 높으신 분들 모음
CHIEF MGS FREE-ISH PLAYER	MGS 거의 공짜 플레이어 대장
MGS FREE-ISH PLAYERS	MGS 거의 공짜 플레이어들
ASSORTED PAPER PUSHERS	여러 서류 담당
MICROSOFT CHIEF FREE PLAYER	마이크로소프트 공짜 플레이어 대장
MICROSOFT SOFTWARE FREE PLAYING CHEESE	마이크로소프트 소프트웨어 공짜 플레이 높으신 분
CAT HERDERS	고양이 몰이꾼
MORE BEAN COUNTERS	돈 계산 더
DREAM MAKERS	꿈을 만드는 사람들
PRESS HYPNOTIST	언론 최면술사
VMC FREE PLAYERS WITH A CHEESE TOPPING	치즈 얹은 VMC 공짜 플레이어들
ADDITIONAL LOCALIZATION ON THIS SHINIER VERSION	이번 판 추가 현지화
FIGS-PT CRAFTING	FIGS-PT 작업
JAPANESE CRAFTING	일본어 작업
SPECIAL THANKS	특별히 감사
MICROSOFT, BANJO-KAZOOIE, THE MICROSOFT GAME STUDIOS LOGO, RARE, THE RARE LOGO, XBOX, XBOX 360, XBOX LIVE, AND THE XBOX LOGOS ARE TRADEMARKS OF THE MICROSOFT GROUP OF COMPANIES	MICROSOFT, BANJO-KAZOOIE, MICROSOFT GAME STUDIOS 로고, RARE, RARE 로고, XBOX, XBOX 360, XBOX LIVE, XBOX 로고는 MICROSOFT 그룹 회사들의 상표입니다.
YOU'VE BEEN AWARDED A GAMER PIC... LUCKY YOU!	게이머 사진을 받았어... 운도 좋지!
BEAR WIN GAMER PIC TO SPRUCE UP GAMER PROFILE. NICE.	곰이 게이머 프로필 꾸밀 게이머 사진 받았다. 좋다.
NICELY DONE! YOU'VE EARNED AN ACHIEVEMENT. BUT THIS IS JUST A TRIAL GAME, SO TO REGISTER IT YOU'LL NEED TO BUY THE FULL GAME.	잘했어! 도전 과제를 달성했어. 하지만 이건 체험판이라서, 기록하려면 정식판을 사야 해.
THAT'S ANOTHER ACHIEVEMENT! YOU'RE GETTING THE IDEA, BUT YOU'LL STILL NEED TO PURCHASE THE FULL GAME TO REGISTER IT AND THE POINTS!	또 도전 과제야! 감 잡았구나. 하지만 이것도 점수도 기록하려면 정식판을 사야 해!
THE FREE TRIAL'S OVER, SO HERE'S WHERE YOU'RE STAYING.	공짜 체험은 끝났어, 그러니 넌 여기 그대로 있는 거야.
OR BUY THE FULL GAME TO CARRY ON PLAYING!	아니면 정식판을 사서 계속 플레이하든가!
PRESS X TO BUY OR A TO KEEP PLAYING.	X를 누르면 구입, A를 누르면 계속 플레이.
PRESS X TO BUY OR A TO GIVE UP!	X를 누르면 구입, A를 누르면 포기!
