위치	원문	수정 전	수정 후	이유
0914:0:0	LOOK...NICE SNACKS FOR YUM-YUM!	봐라...냠냠이를 위한 맛있는 간식이로군!	봐라...얌얌한테 줄 맛있는 간식이다!	이름 통일(YUM-YUM=얌얌, UI와 같게)
091A:0:0	ME LEAKY, NO GOOD FOR WATER. CAN BEAR BLOCK HOLE WITH PEBBLE?	나 물이 샌다, 물한텐 안 좋아. 곰이 돌멩이로 구멍 좀 막아줄 수 있어?	나 리키, 물 새서 쓸모없다. 곰이 돌멩이로 구멍 막아줄 수 있어?	ME LEAKY = 이름(리키) 말장난 살림, 어눌한 말투
0928:0:0	LEAKY PATCHED UP. NOW EMPTY WATER FOR BEAR!	물샘이 메꿔졌다, 이제 곰을 위해 물을 비워주지!	리키 구멍 막혔다. 이제 곰한테 물 비워줄게!	리키 이름·어눌한 말투 통일
0932:0:0	OI! MY PRECIOUS WATER.	오이! 내 소중한 물이잖아.	어이! 내 소중한 물이잖아.	OI! = 감탄사(오이 아님)
0933:0:0	BAH...THAT'S IT! I'M LEAVING THIS DESERT TO FIND SOME PEACE AND QUIET!	바...됐다! 난 평화롭고 조용한 곳을 찾아 이 사막을 떠나겠어!	쳇...됐다! 난 평화롭고 조용한 곳을 찾아 이 사막을 떠나겠어!	BAH = 쳇
0934:0:0	GRABBA'S GOT A JIGGY, NER...NER...NER...NER!	그래바가 지기를 가지고 있다, 네네...네네!	그래바가 지기를 가졌지롱, 메롱메롱!	NER NER = 놀리는 소리
0936:0:0	BEAR'S TOO SLOW, NER...NER...NER...NER!	곰은 너무 느려, 네네...네네!	곰은 너무 느려, 메롱메롱!	NER NER = 놀리는 소리
0939:0:0	AHHH...THAT CLEARED JINXY'S NOSE. COME ON IN!	아아...징키의 코가 뚫렸다. 들어와!	아아...징시의 코가 뚫렸다. 들어와!	이름 통일(JINXY=징시, UI와 같게)
0958:0:0	YURR...CONGA GOOD SHOT!	으응...콩가, 좋은 솜씨였어!	으응...콩가, 잘 맞혔다!	콩가가 자기 자랑하는 말(뜻 바로잡음)
0965:0:6	BIRD BRAIN CAN CARRY 100 EGGS IN HER BACKPACK. OH...AND YOU CAN ALSO USE THE CONTROL STICK TO AIM WHILE YOU ARE CROUCHING. EGGS-CITING, HUH?	새대가리는 배낭에 알을 100개까지 넣고 다닐 수 있어. 아, 그리고 웅크릴 때는 컨트롤 스틱으로 조준할 수도 있지. 알쏭달쏭하지, 응?	새대가리는 배낭에 알을 100개까지 넣고 다닐 수 있어. 아, 그리고 웅크릴 때는 컨트롤 스틱으로 조준할 수도 있지. 알찬 기술이지, 응?	EGGS-CITING 말장난(알쏭달쏭은 뜻이 다름)
0965:1:1	I'M LISTENING BEETLE BREATH...	듣고 있어, 딱정벌레 숨결아...	듣고 있어, 딱정벌레 입냄새...	BEETLE BREATH 표현 통일(0A69:1:1 과 같게)
0973:0:0	WHO DARES ENTER BOSS BOOM BOX'S HOLD?	감히 누가 붐박스 보스의 화물칸에 들어왔나?	감히 누가 보스 붐 박스의 화물칸에 들어왔나?	이름 통일(BOOM BOX=붐 박스, UI와 같게) / 이름 통일(BOSS BOOM BOX=보스 붐 박스, UI와 같게)
0973:0:2	I'VE HIDDEN MY JIGSAW, YOU'LL NEVER GET IT!	내 지그소를 숨겨뒀다, 넌 절대 못 찾아!	내 지기를 숨겨뒀다, 넌 절대 못 찾아!	용어 통일(JIGSAW/JIGGY=지기)
097B:1:1	WE'LL RACE YOU, NUMB BUTT!	우리랑 경주하자, 둔감한 엉덩이야!	우리랑 경주하자, 꽁꽁 언 엉덩이야!	NUMB BUTT(얼어붙은 엉덩이) 뜻 살림
098C:0:0	WE'RE THE TWINKLIES! PROTECT US FROM THE TWINKLY MUNCHERS AS WE HOP ACROSS TO OUR TREE. IF ENOUGH OF US GET THERE, WE CAN LIGHT THE TREE FOR YOU!	우린 트윙클리야! 우리가 나무로 폴짝폴짝 건너가는 동안 트윙클리 먹보들로부터 보호해줘. 충분한 수가 도착하면 널 위해 나무를 밝혀줄게!	우린 트윙클리야! 우리가 나무로 폴짝폴짝 건너가는 동안 트윙클리 먼처들로부터 보호해줘. 충분한 수가 도착하면 널 위해 나무를 밝혀줄게!	이름 통일(TWINKLY MUNCHER=트윙클리 먼처, UI와 같게)
09C2:0:0	MMMM... TANKTUP'S WARM AT LAST! PERHAPS YOU'D LIKE THIS!	으음...탱텁이 드디어 따뜻해졌다! 이걸 받고 싶겠지!	으음...탱크텁이 드디어 따뜻해졌다! 이걸 받고 싶겠지!	이름 통일(TANKTUP=탱크텁, UI와 같게)
09CE:0:0	I'LL BE YOUNG AND TOOTY OLD,	그런틸다의 금을 손에 넣기 전에,	나는 젊어지고 투티는 늙겠지,	운율 뜻 바로잡음(원문: 나는 젊어지고 투티는 늙는다)
09CE:0:1	BEFORE YOU GET GRUNTILDA'S GOLD!	난 젊고 투티한 모습으로 돌아갈 거다!	네가 그런틸다의 금을 손에 넣기도 전에!	운율 뜻 바로잡음
09E3:0:0	SOMEBODY MOVE THIS BOULDER, GNAWTY CAN'T GET IN HIS HOUSE!	누가 이 바위 좀 치워줘, 나우티가 집에 못 들어가고 있어!	누가 이 바위 좀 치워줘, 노티가 집에 못 들어가고 있어!	이름 통일(GNAWTY=노티, UI와 같게)
09EB:0:0	BWARRR! ME EYRIE...MIGHTY EAGLE! NEED SLEEP NOW...	부와아르! 나는 아이리...위대한 독수리! 이제 잠이 필요해...	부와아르! 나는 에이리...위대한 독수리! 이제 잠이 필요해...	이름 통일(EYRIE=에이리, UI와 같게)
09EC:0:0	EYRIE HUNGRY NOW, NEED 5 CATERPILLARS!	아이리는 지금 배고파, 애벌레 5마리가 필요해!	에이리는 지금 배고파, 애벌레 5마리가 필요해!	이름 통일(EYRIE=에이리, UI와 같게) / 이름 통일(에이리)
09EE:0:0	BURP! EYRIE FULL NOW, NEEDS MORE SLEEP...	꺼억! 아이리 이제 배불러, 잠을 더 자야겠다...	꺼억! 에이리 이제 배불러, 잠을 더 자야겠다...	이름 통일(EYRIE=에이리, UI와 같게) / 이름 통일(에이리)
09EF:0:0	BEAR GET EYRIE MORE CATERPILLARS! NEED 10 THIS TIME!	곰이 아이리한테 애벌레를 더 가져와! 이번엔 10마리 필요해!	곰이 에이리한테 애벌레를 더 가져와! 이번엔 10마리 필요해!	이름 통일(EYRIE=에이리, UI와 같게) / 이름 통일(에이리)
09F0:0:0	THANK YOU BEAR, EYRIE SOON BE BIG BIRD! MUST HAVE SLEEP FIRST...	고마워 곰아, 아이리는 곧 큰 새가 될 거야! 먼저 잠부터 자야지...	고마워 곰아, 에이리는 곧 큰 새가 될 거야! 먼저 잠부터 자야지...	이름 통일(EYRIE=에이리, UI와 같게) / 이름 통일(에이리)
09F1:0:0	EYRIE MIGHTY EAGLE AT LAST! WATCH ME AS I FLY INTO THE SKY!	드디어 아이리가 위대한 독수리가 됐다! 하늘로 날아오르는 걸 지켜봐!	드디어 에이리가 위대한 독수리가 됐다! 하늘로 날아오르는 걸 지켜봐!	이름 통일(EYRIE=에이리, UI와 같게) / 이름 통일(에이리)
09FB:0:1	AND LOSS OF LIFE IT SURE DOES HELP!	목숨을 잃는 것도 확실히 도움이 되지!	네 목숨을 깎는 데도 아주 그만이지!	뜻 바로잡음(목숨 잃게 하는 데 도움이 된다)
0A05:0:0	SSSNIPPET MUTANTSSS ARE WE! JIGSSSAW ISSS OURSSS, FIGHT USSS YOU MUSSST!	우리는 스스니핏 돌연변이다! 지그소우는 우리꺼다, 우리랑 싸워야만 한다!	우리는 뮤티 스스니펫이다! 지기는 우리 거다, 우리와 싸워라스스!	용어 통일(JIGSAW/JIGGY=지기) / 이름 통일(SNIPPET=스니펫, UI와 같게) / 이름·용어 통일(MUTIE-SNIPPET=뮤티 스니펫, JIGSAW=지기), 쉿쉿 말투 살림
0A06:0:0	HSSS...BEATEN SSSNIPPET MUTANTSSS ARE WE, YOURSSS IS PRIZZZE!	흐스스...스니핏 돌연변이가 졌다, 네 것이 상품이다!	흐스스...뮤티 스스니펫이 졌다, 상품은 네 거다스스!	이름 통일(SNIPPET=스니펫, UI와 같게) / 이름 통일 + 뜻 바로잡음(네 것이 상품이다 → 상품은 네 것)
0A08:0:0	THIS MOVE USES BEAKO'S WINGS AS A SHIELD AGAINST THE BAD GUYS!	이 기술은 비코의 날개를 나쁜 녀석들을 막는 방패로 사용하는 거야!	이 기술은 부리양의 날개를 나쁜 녀석들을 막는 방패로 쓰는 거야!	보틀스가 카주이를 부르는 별명 통일(BEAKY/BEAKO=부리양)
0A0D:0:0	ME MUMBO, BEST SHAMAN IN ALL GAME. CAN HELP BANJO AND FILTHY FEATHERED ONE.	난 멈보, 이 게임 최고의 주술사다. 반조랑 저 더러운 깃털 달린 녀석을 도와줄 수 있지.	나 멈보, 이 게임 최고 주술사. 반조랑 더러운 깃털 녀석 도와줄 수 있다.	멈보 말투 통일(어눌한 3인칭)
0A0D:0:2	MUMBO'S MAGIC TOKENS HID BY WITCH. FIND TOKENS AND MUMBO HELP YOU.	멈보의 마법 토큰은 마녀가 숨겨놨다. 토큰을 찾으면 멈보가 도와주지.	멈보 마법 토큰, 마녀가 숨겼다. 토큰 찾으면 멈보가 도와준다.	멈보 말투 통일
0A0E:0:0	MUMBO'S MAGIC FREE TO CHANGE BACK, YOU COME WHEN READY.	멈보의 마법은 원래대로 되돌리는 건 공짜다, 준비되면 와라.	원래대로 돌아가는 멈보 마법은 공짜. 준비되면 와라.	멈보 말투 통일 + 뜻 정리
0A0F:0:0	TERMITE BIT SMALL, BUT NOT BAD FOR FIRST SPELL. MUMBO PRACTICE NEEDED!	흰개미는 좀 작지만, 첫 주문치곤 나쁘지 않아. 멈보는 연습이 필요하다!	흰개미 좀 작다, 그래도 첫 주문치곤 나쁘지 않다. 멈보 연습 필요!	멈보 말투 통일
0A10:0:0	AHH...MUMBO PROUD OF PUMPKIN SPELL, MAKE GOOD SOUP!	아아...멈보는 호박 주문이 자랑스럽다, 좋은 수프 만들지!	아아...멈보 호박 주문 자랑스럽다, 좋은 수프 되겠다!	멈보 말투 통일
0A11:0:0	BANJO GONE ALL FAT, GOT BIG TEETH...HUR...HUR!	반조가 완전 뚱뚱해졌다, 이빨도 커졌어...흐흐흐!	반조 완전 뚱뚱해졌다, 이빨도 커졌다...흐흐!	멈보 말투 통일
0A12:0:0	WAIT, MUMBO NEED NEW BOOTS! ONLY KIDDING...	잠깐, 멈보 새 부츠 필요해! 그냥 농담이다...	잠깐, 멈보 새 장화 필요하다! 농담이다...	멈보 말투 통일
0A13:0:0	MUMBO MAGIC MUCH GOOD! BEE IS BEST YET!	멈보 마법 정말 좋다! 벌이 최고다!	멈보 마법 아주 좋다! 벌이 제일 잘됐다!	멈보 말투 통일
0A25:0:0	TOO HOT FOR MAGIC. MUMBO WANT SUN TAN.	마법 쓰기엔 너무 더워. 맘보는 선탠하고 싶어.	마법 쓰기엔 너무 더워. 멈보는 선탠하고 싶어.	이름 통일(MUMBO=멈보)
0A26:0:0	MUMBO BUSY, SWEEP MANY LEAVES. NO MAGIC TODAY.	맘보 바빠, 낙엽 많이 쓸어. 오늘은 마법 없어.	멈보 바빠, 낙엽 많이 쓸어. 오늘은 마법 없어.	이름 통일(MUMBO=멈보)
0A27:0:0	MUMBO'S ON VACATION, YOU HAIRY FOOL! COME BACK IN SPRING...	맘보는 휴가 중이야, 이 털북숭이 바보야! 봄에 다시 와...	멈보는 휴가 중이야, 이 털북숭이 바보야! 봄에 다시 와...	이름 통일(MUMBO=멈보)
0A28:0:0	AHH...BANJO HAS PLENTY TOKENS. STAND ON SKULL AND PRESS B TO SEE MIGHTY MUMBO MAGIC!	아아...밴조는 토큰 충분히 있네. 해골 위에 서서 B 눌러 봐, 강력한 맘보 마법 보여줄게!	아아...반조는 토큰 충분히 있네. 해골 위에 서서 B 눌러 봐, 강력한 멈보 마법 보여줄게!	주인공 이름 통일(하스피 지정) / 이름 통일(MUMBO=멈보)
0A29:0:0	BANJO NOT GOT ENOUGH TOKENS FOR MUMBO MAGIC. LOOK AT SIGN, BRING MORE.	밴조 맘보 마법 쓸 토큰 부족해. 표지판 봐, 더 가져와.	반조 멈보 마법 쓸 토큰 부족해. 표지판 봐, 더 가져와.	주인공 이름 통일(하스피 지정) / 이름 통일(MUMBO=멈보)
0A2B:0:0	PUMPKIN MAKING MUMBO HUNGRY. ME GET POT READY...!	호박 때문에 맘보 배고파져. 나 냄비 준비할게...!	호박 때문에 멈보 배고파져. 나 냄비 준비할게...!	이름 통일(MUMBO=멈보)
0A2C:0:0	AHH...YOU FIND BIG HIDDEN FEATURE SPELL! MUMBO TURN BANJO INTO T-REX, CRUSH WITCH EASY!	아아...너 큰 숨겨진 비법 주문 찾았네! 맘보 밴조를 티렉스로 바꿔 줄게, 마녀 쉽게 박살 내!	아아...너 큰 숨겨진 비법 주문 찾았네! 멈보 반조를 티렉스로 바꿔 줄게, 마녀 쉽게 박살 내!	주인공 이름 통일(하스피 지정) / 이름 통일(MUMBO=멈보)
0A2D:0:0	CHANGED MIND, T-REX SPELL TOO GOOD FOR THIS GAME. MUMBO KEEP FOR NEXT GAME!	마음 바꿨어, 티렉스 주문은 이 게임엔 너무 과해. 맘보 다음 게임을 위해 아껴 둘게!	마음 바꿨어, 티렉스 주문은 이 게임엔 너무 과해. 멈보 다음 게임을 위해 아껴 둘게!	이름 통일(MUMBO=멈보)
0A2E:0:0	UMM...SPELL WENT WRONG. MUMBO'S LOINCLOTH ALL DIRTY, YOU WASH? HUR...HUR!	음...주문이 잘못됐어. 맘보 샅바 다 더러워졌어, 네가 빨래해? 허허...허허!	음...주문이 잘못됐어. 멈보 샅바 다 더러워졌어, 네가 빨래해? 흐흐...흐흐!	이름 통일(MUMBO=멈보) / HUR HUR 웃음 통일(흐흐)
0A2F:0:0	BANJO MUST STAND STILL OR SPELL GO ALL FUNNY...	밴조는 가만히 서 있어야 해, 안 그럼 주문 이상하게 꼬여...	반조는 가만히 서 있어야 해, 안 그럼 주문 이상하게 꼬여...	주인공 이름 통일(하스피 지정)
0A30:0:0	MUMBO GET NEW STICK, THIS ONE NOT WORK WELL...	맘보 새 지팡이 구해야 해, 이건 잘 안 돼...	멈보 새 지팡이 구해야 해, 이건 잘 안 돼...	이름 통일(MUMBO=멈보)
0A34:0:0	HEY, THAT MUCH BAD MAGIC! WASHER NOT AS GOOD AS BEAR, DON'T COME BAWLING TO MUMBO IF CAN'T GET THROUGH ALL WORLDS...	이봐, 저렇게나 나쁜 마법이라니! 세탁기는 곰만큼 좋지 않아, 모든 세계 못 깨도 맘보한테 울면서 오지 마...	이봐, 저렇게나 나쁜 마법이라니! 세탁기는 곰만큼 좋지 않아, 모든 세계 못 깨도 멈보한테 울면서 오지 마...	이름 통일(MUMBO=멈보)
0A35:0:2	SURE IS A STRANGE LOOKING BUDDY BANJO, CAN IT TALK?	친구 밴조 참 이상하게 생겼네, 저거 말할 줄 알아?	반조, 친구가 참 이상하게 생겼네. 저거 말할 줄은 알아?	주인공 이름 통일(하스피 지정) / 오역 바로잡음(이상하게 생긴 건 반조가 아니라 카주이)
0A35:1:1	I'M BANJO, AND THIS HERE'S MY BUDDY KAZOOIE.	난 밴조고, 이쪽은 내 친구 카주이야.	난 반조고, 이쪽은 내 친구 카주이야.	주인공 이름 통일(하스피 지정)
0A36:0:3	TRY THIS THEN, BEAKY! TAP R TO MOVE THE CAMERA BEHIND BANJO!	그럼 이거 해 봐, 부리 양반! R 톡 눌러서 카메라를 밴조 뒤로 옮겨 봐!	그럼 이거 해 봐, 부리양! R 톡 눌러서 카메라를 반조 뒤로 옮겨 봐!	주인공 이름 통일(하스피 지정) / 보틀스가 카주이를 부르는 별명 통일(BEAKY=부리양) / 별명 통일(부리양)
0A3D:1:2	C'MON BANJO, I WANT TO SWIM! SPILL THE BEANS,  SPECKY!	자 밴조, 나 수영하고 싶어! 빨리 말해, 안경쟁이!	자 반조, 나 수영하고 싶어! 빨리 말해, 안경쟁이!	주인공 이름 통일(하스피 지정)
0A3E:0:0	WHILE UNDERWATER, BANJO CAN PRESS A TO KICK HIS LEGS AND THE WINGED WONDER CAN PRESS B TO USE HER WINGS.	물속에서는, 밴조는 A 눌러서 다리로 차고 날개 달린 경이로운 녀석은 B 눌러서 날개를 쓸 수 있어.	물속에서는, 반조는 A 눌러서 다리로 차고 날개 달린 경이로운 녀석은 B 눌러서 날개를 쓸 수 있어.	주인공 이름 통일(하스피 지정)
0A41:0:0	BANJO, IT'S TIME FOR YOU TO LEARN THE CLAW SWIPE ATTACK.	밴조, 이제 발톱 할퀴기 공격을 배울 시간이야.	반조, 이제 발톱 할퀴기 공격을 배울 시간이야.	주인공 이름 통일(하스피 지정)
0A41:0:8	AHH...THERE'S TOPPER. WHACK HIM BANJO!	아아...토퍼가 있네. 때려 봐 밴조!	아아...토퍼가 있네. 때려 봐 반조!	주인공 이름 통일(하스피 지정)
0A43:0:0	HEY BANJO, I HOPE YOU'RE NOT AFRAID OF HEIGHTS...	이봐 밴조, 고소공포증은 없었으면 좋겠는데...	이봐 반조, 고소공포증은 없었으면 좋겠는데...	주인공 이름 통일(하스피 지정)
0A43:0:2	NOT YET! BANJO, JUMP ONTO A TREE, THEN USE THE CONTROL STICK TO CLIMB UP OR DOWN!	아직은 아냐! 밴조, 나무에 점프해서, 컨트롤 스틱으로 위아래로 올라가고 내려가 봐!	아직은 아냐! 반조, 나무에 점프해서, 컨트롤 스틱으로 위아래로 올라가고 내려가 봐!	주인공 이름 통일(하스피 지정)
0A47:0:0	SEE BANJO, SHE IS USEFUL FOR SOMETHING!	봐 밴조, 얘도 쓸모가 있잖아!	봐 반조, 얘도 쓸모가 있잖아!	주인공 이름 통일(하스피 지정)
0A4B:0:3	MEET ME AT THE TOP OF SPIRAL MOUNTAIN.	나선 산 꼭대기에서 보자.	나선산 꼭대기에서 보자.	지명 통일(나선산) / 지명 통일(SPIRAL MOUNTAIN=나선산, UI와 같게)
0A51:0:0	STOP WASTING TIME, BANJO! TOOTY NEEDS RESCUING!	시간 낭비 그만해, 밴조! 투티를 구해야 해!	시간 낭비 그만해, 반조! 투티를 구해야 해!	주인공 이름 통일(하스피 지정)
0A52:0:2	YOU HAVEN'T LEARNED ALL THE BASICS YET, SHE'LL KICK YOUR BUTT!	아직 기본기를 다 안 배웠잖아, 그녀가 엉덩이를 걷어찰 거야!	아직 기본기를 다 안 배웠잖아, 그 마녀한테 혼쭐날 거야!	'그녀' 번역투 정리
0A54:0:0	THAT'S IT, YOU'VE LEARNED ALL THE BASIC MOVES! MEET ME AT THE TOP OF THE SPIRAL MOUNTAIN AND I'LL TELL YOU WHAT TO DO NEXT.	그래, 기본 동작을 다 배웠구나! 나선 산 꼭대기에서 만나, 다음에 뭘 해야 할지 알려 줄게.	그래, 기본 동작을 다 배웠구나! 나선산 꼭대기에서 만나, 다음에 뭘 해야 할지 알려 줄게.	지명 통일(나선산)
0A57:0:2	ROLL BY RUNNING AND PRESSING B, I'LL SEE IF I CAN FIND BAWL FOR YOU TO PRACTICE ON...	달리면서 B 눌러서 구르기, 연습할 보울이 있나 찾아볼게...	달리면서 B 눌러서 구르기, 연습할 볼이 있나 찾아볼게...	이름 통일(BAWL=볼, UI와 같게)
0A5D:0:0	COME ON BANJO! JUMP, THEN PRESS A AGAIN IN THE AIR!	자 밴조! 점프하고, 공중에서 A 한 번 더 눌러!	자 반조! 점프하고, 공중에서 A 한 번 더 눌러!	주인공 이름 통일(하스피 지정)
0A62:0:0	OH...I'M AFRAID I CAN'T TELL YOU ANYMORE ABOUT THIS HIDDEN FEATURE UNTIL YOU COLLECT THE JIGSAW FROM THE SANDCASTLE GAME IN TREASURE TROVE COVE.	오...미안하지만 보물섬 만에서 모래성 게임 직소를 모으기 전까진 이 숨겨진 비법에 대해 더 말해 줄 수 없어.	오...미안하지만 보물의 만에서 모래성 게임 지기를 얻기 전까진 이 숨겨진 비법에 대해 더 말해 줄 수 없어.	용어 통일(JIGSAW/JIGGY=지기) / 지명 통일(보물의 만) / 지명·용어 통일(보물의 만, 지기)
0A62:0:2	NO! ONLY WHEN YOU'VE GOT THE SANDCASTLE JIGSAW.	안 돼! 모래성 직소를 얻었을 때만.	안 돼! 모래성 지기를 얻었을 때만.	용어 통일(JIGSAW/JIGGY=지기) / 용어 통일(지기)
0A64:0:0	YOU CAN USE THE CONTROL STICK TO MOVE BANJO'S HAND, THEN PRESS A WHEN IT IS OVER A PIECE TO PICK IT UP.	컨트롤 스틱으로 밴조의 손을 움직여서, 조각 위에 갔을 때 A 눌러서 집어.	컨트롤 스틱으로 반조의 손을 움직여서, 조각 위에 갔을 때 A 눌러서 집어.	주인공 이름 통일(하스피 지정)
0A65:0:0	PRESS THE Z TO READ THE INSTRUCTIONS AGAIN, OR START TO QUIT OUT OF THE GAME AT ANY TIME.	Z 눌러서 설명을 다시 읽거나, 아무 때나 start 눌러서 게임을 나가.	Z를 누르면 설명을 다시 읽고, START를 누르면 언제든 게임을 그만둘 수 있어.	소문자 start 정리, 문장 다듬음
0A66:0:0	USE THE CONTROL STICK TO MOVE BANJO'S HAND. PRESS A TO PICK UP AND PUT DOWN PIECES, B TO RETURN THEM TO THE SIDE OR THE LEFT AND RIGHT C BUTTONS TO ROTATE THEM.	컨트롤 스틱으로 밴조의 손을 움직여. A 눌러서 조각을 집고 내려놓고, B 눌러서 옆으로 되돌리고, 좌우 C 버튼으로 돌려.	컨트롤 스틱으로 반조의 손을 움직여. A 눌러서 조각을 집고 내려놓고, B 눌러서 옆으로 되돌리고, 좌우 C 버튼으로 돌려.	주인공 이름 통일(하스피 지정)
0A67:0:0	WHAT'S WRONG BEAKY, IS MY GAME TOO HARD FOR YOU?	뭐가 문제야 부리 양반, 내 게임이 너무 어려워?	뭐가 문제야 부리양, 내 게임이 너무 어려워?	보틀스가 카주이를 부르는 별명 통일(BEAKY=부리양) / 별명 통일(부리양)
0A69:0:3	USE THE TILES ON THE FLOOR OF THE SANDCASTLE IN TREASURE TROVE COVE TO SPELL THE WORD 'BOTTLESBONUSONE'.	보물섬 만 모래성 바닥의 타일을 써서 'BOTTLESBONUSONE'이라는 단어를 맞춰 봐.	보물의 만 모래성 바닥의 타일을 써서 'BOTTLESBONUSONE'이라는 단어를 맞춰 봐.	지명 통일(보물의 만)
0A76:0:0	HEY, YOU MUST HAVE CHEATED TO DO THAT!	이봐, 저걸 하려면 치사하게 했겠지!	이봐, 저걸 해내다니 속임수를 썼구나!	오역 바로잡음(치사하게 했겠지)
0A79:0:0	STOP WASTING TIME, BANJO! GRUNTILDA NEEDS DEFEATING!	시간 낭비 그만해, 밴조! 그런틸다를 쓰러뜨려야 해!	시간 낭비 그만해, 반조! 그런틸다를 쓰러뜨려야 해!	주인공 이름 통일(하스피 지정)
0A7A:0:0	BANJO! IF YOU USE A THIRD CHEAT CODE YOUR GAME PAK WILL BE ERASED! ARE YOU SURE YOU WANT TO DO THIS? PRESS A FOR YES OR B FOR NO...	밴조! 세 번째 치트 코드를 쓰면 네 게임팩이 지워질 거야! 정말 이렇게 하고 싶어? 좋으면 A, 아니면 B...	반조! 세 번째 치트 코드를 쓰면 네 게임팩이 지워질 거야! 정말 이렇게 하고 싶어? 좋으면 A, 아니면 B...	주인공 이름 통일(하스피 지정)
0A7B:0:2	HURRR...HURRR...MUMBO NOT TELLING!	흐흐흐...흐흐흐...맘보 안 알려줘!	흐흐흐...흐흐흐...멈보 안 알려줘!	이름 통일(MUMBO=멈보)
0A7C:1:5	DON'T WORRY BANJO, IT LOOKS LIKE I HAVE TO GET US UP THERE!	걱정 마 밴조, 아무래도 내가 우릴 저기 위로 올려야 할 것 같아!	걱정 마 반조, 아무래도 내가 우릴 저기 위로 올려야 할 것 같아!	주인공 이름 통일(하스피 지정)
0A80:0:1	NO, BIRD RUDE TO MUMBO, NOT TELL!	아니, 새 맘보한테 무례해, 안 알려줘!	아니, 새 멈보한테 무례해, 안 알려줘!	이름 통일(MUMBO=멈보)
0A80:1:0	NICE MUMBO, PLEASE TELL US WHAT THE EGGS AND KEY ARE FOR...	착하지 맘보, 제발 저 알이랑 열쇠가 뭔지 말해 줘...	착하지 멈보, 제발 저 알이랑 열쇠가 뭔지 말해 줘...	이름 통일(MUMBO=멈보)
0A81:0:0	DINGPOT, DINGPOT BY THE BENCH,	딩팟, 벤치 옆의 딩팟아,	딩팟, 딩팟, 작업대의 딩팟아,	BENCH = 그런틸다 작업대(벤치 아님), 원문 DINGPOT 반복 살림 — 하스피 확인
0A88:1:0	I DON'T THINK SO. WHO IS THAT?	그런 것 같지 않은데. 저게 누군데?	아닌 것 같아요. 저건 누구예요?	투티가 두더지 아저씨에게 쓰는 존댓말 통일(앞 줄과 같게)
0A8C:0:0	OH NO, SHE'S GOT HER! SOMEBODY......HELP!	안 돼, 그 애를 잡았어! 누구든......도와줘!	이런, 그 애가 잡혀갔어! 누가......도와줘요!	뜻 분명히(SHE'S GOT HER)
0A8D:1:0	BANJO! WAKE UP......NOW!	밴조! 일어나......지금!	반조! 일어나......지금!	주인공 이름 통일(하스피 지정)
0A8E:1:0	YAWN...WHAT DO YOU WANT KAZOOIE?	하암...뭘 원하는 거야 카주이?	하암...왜 그래, 카주이?	WHAT DO YOU WANT = 왜 그래(직역투 정리)
0A90:0:3	RESCUE YOU HE WILL NOT DARE,	그 애는 널 구하러 올 엄두도 못 낼 거야,	네 오빠는 널 구하러 올 엄두도 못 낼걸,	오역 바로잡음(HE = 오빠)
0A90:0:5	HURRY KLUNGO, PUSH THAT SWITCH,	서둘러 클룽고, 저 스위치 눌러,	서둘러 클렁고, 저 스위치 눌러,	이름 통일(KLUNGO=클렁고, UI와 같게)
0A90:0:7	YESSS MISSSTRESSS GRUNTY! POWER ISSS ON, SSSOON BE READY...	예엣 미스트레스 그런티! 전원 켜져썼고, 곧 준비돼요...	네에, 그런티 마님! 전원 켜졌쓰니, 곧 준비돼요...	MISTRESS=마님(클렁고 시종 말투), 쉿소리 살림
0A90:1:4	BANJO............HELP!	밴조............도와줘!	반조............도와줘!	주인공 이름 통일(하스피 지정)
0A91:0:0	BANJO'S GAME ENDS IN MY TOWER,	밴조의 게임은 내 탑에서 끝나,	반조의 게임은 내 탑에서 끝나,	주인공 이름 통일(하스피 지정)
0A92:0:0	YESSS YOUR GRUNTYSSSHIP, TRANSSSFORMATION SSSOON BE COMPLETE...	예엣 그런티님, 변신이 곧 완료돼써요...	네에, 그런티 마님, 변신이 곧 끝나요오...	MISTRESS=마님
0A93:0:1	BEAR AND BIRD FINISSSHED, GRUNTY WINSSS!	곰이랑 새 끝나써고, 그런티 승리예요!	곰이랑 새는 끝장, 그런티 마님 승리예요!	MISTRESS=마님, 문장 다듬음
0A93:1:0	{FD}hHELP {FD}hME {FD}hBANJO, {FD}hI {FD}hFEEL {FD}hALL {FD}hFUNNY...{FD}l	{FD}h도와 {FD}h줘 {FD}h밴조, {FD}h나 {FD}h기분이 {FD}h너무 {FD}h이상해...{FD}l	{FD}h도와 {FD}h줘 {FD}h반조, {FD}h나 {FD}h기분이 {FD}h너무 {FD}h이상해...{FD}l	주인공 이름 통일(하스피 지정)
0A94:0:2	OH YOU ARE MISSSTRESSS!	오 정말 미스트레스예요!	오, 정말 그러세요, 마님!	OH YOU ARE = 맞장구(마님)
0A95:1:0	BANJO.......	밴조.......	반조.......	주인공 이름 통일(하스피 지정)
0A96:1:0	BANJO.......	밴조.......	반조.......	주인공 이름 통일(하스피 지정)
0A97:0:0	BANJO! YOUR SISTER WANTS A WORD WITH YOU.........	밴조! 네 동생이 너한테 할 말이 있대.........	반조! 네 동생이 너한테 할 말이 있대.........	주인공 이름 통일(하스피 지정)
0A98:0:0	BEAR AND BIRD DID GOOD, HELPED MUMBO BEAT WITCH!	곰이랑 새 잘했어, 맘보가 마녀 이기는 거 도와줬어!	곰이랑 새 잘했어, 멈보가 마녀 이기는 거 도와줬어!	이름 통일(MUMBO=멈보)
0A9A:1:0	NO WAY...ME AND BANJO WERE THE STARS OF THIS GAME!	말도 안 돼...이 게임의 스타는 나랑 밴조였어!	말도 안 돼...이 게임의 스타는 나랑 반조였어!	주인공 이름 통일(하스피 지정)
0A9C:1:1	OUCH! YES YOU ARE, LET'S GO!	아야! 아니 갈 거야, 가자!	아야! 아니, 가야 돼, 가자!	뜻 바로잡음(YES YOU ARE)
0A9D:0:0	GRUNTY NICE, COME BACK TO MUMBO'S SKULL, YES?	그런티 착해, 맘보 해골로 돌아와, 그치?	그런티 착해, 멈보 해골로 돌아와, 그치?	이름 통일(MUMBO=멈보)
0A9F:1:0	SURE BANJO, YOU AND KAZOOIE ARE HEROES NOW!	당연하지 밴조, 너랑 카주이는 이제 영웅이야!	당연하지 반조, 너랑 카주이는 이제 영웅이야!	주인공 이름 통일(하스피 지정)
0AA3:0:0	HEY...MUMBO GOT SECRET PICTURES!	이봐...맘보한테 비밀 사진 있어!	이봐...멈보한테 비밀 사진 있어!	이름 통일(MUMBO=멈보)
0AA7:0:0	DID YOU GET ALL 100 JIGSAW PIECES?	직소 조각 100개 다 모았어?	지기 100개 다 모았어?	용어 통일(JIGSAW/JIGGY=지기)
0AA9:0:0	SORRY, ONLY BEST PLAYERS SEE PICTURES. GET 100 PIECES AND MUMBO SHOW YOU!	미안, 제일 잘하는 플레이어만 사진 봐. 100개 모으면 맘보가 보여줄게!	미안, 제일 잘하는 플레이어만 사진 봐. 100개 모으면 멈보가 보여줄게!	이름 통일(MUMBO=멈보)
0AAB:0:0	NO! MUMBO GO NOW, GOT HOT DATE!	안 돼! 맘보 이제 가야 해, 뜨거운 데이트 있어!	안 돼! 멈보 이제 가야 해, 뜨거운 데이트 있어!	이름 통일(MUMBO=멈보)
0AAE:0:0	STUPID BEAR AND DUMB KAZOOIE,	바보 같은 곰이랑 멍청한 카주이,	멍청한 곰이랑 바보 카주이,	운율·뜻 정리
0AAE:0:1	I'LL BE BACK FOR	내가 돌아올게	다음에 돌아오마,	뜻 바로잡음(I'LL BE BACK FOR)
0AAE:0:2	BANJO-TOOIE!	밴조-투이를 위해서!	반조-투이에서!	주인공 이름 통일(하스피 지정) / 게임 제목(BANJO-TOOIE)
0AAF:1:0	WE SURE DID, MR. MUMBO!	우리 확실히 해냈어, 맘보 아저씨!	우리 확실히 해냈어, 멈보 아저씨!	이름 통일(MUMBO=멈보)
0AB0:0:1	BANJO-TOOIE!	밴조-투이!	반조-투이!	주인공 이름 통일(하스피 지정)
0AB1:1:0	BANJO-TOOIE! SOUNDS GREAT, IS IT ANY GOOD?	밴조-투이! 멋진데, 재밌어?	반조-투이! 멋진데, 재밌어?	주인공 이름 통일(하스피 지정)
0AB2:0:0	MUMBO'S JAW DROPPED IN AWE...	맘보 턱이 감탄해서 떨어졌어...	멈보 턱이 감탄해서 떨어졌어...	이름 통일(MUMBO=멈보)
0AB3:1:0	HEY...WHY ISN'T IT CALLED BANJO-KAZOOIE-TOOIE? I'D BETTER BE IN IT TOO, SHORT STUFF!	이봐...왜 밴조-카주이-투이가 아니야? 나도 거기 꼭 나와야 해, 땅딸보!	이봐...왜 반조-카주이-투이가 아니야? 나도 거기 꼭 나와야 해, 땅딸보!	주인공 이름 통일(하스피 지정)
0AB4:0:0	BANJO-TOOIE MAKE BANJO-KAZOOIE LOOK LIKE JOKE. MUMBO SHOW YOU PICTURES OF STUFF CAN USE IN NEW GAME! HERE, TAKE LOOK...	밴조-투이는 밴조-카주이를 농담처럼 보이게 만들어. 맘보가 새 게임에서 쓸 수 있는 것들 사진 보여줄게! 자, 봐 봐...	반조-투이는 반조-카주이를 농담처럼 보이게 만들어. 멈보가 새 게임에서 쓸 수 있는 것들 사진 보여줄게! 자, 봐 봐...	주인공 이름 통일(하스피 지정) / 이름 통일(MUMBO=멈보)
0AB5:0:1	MUMBO NOT TELLING. FIND OUT IN	맘보 안 알려줘. 알고 싶으면	멈보 안 알려줘. 알고 싶으면	이름 통일(MUMBO=멈보)
0AB5:0:2	BANJO-TOOIE!	밴조-투이에서!	반조-투이에서!	주인공 이름 통일(하스피 지정)
0AB6:0:0	ALL THE JIGGIES YOU DID SNATCH,	네가 낚아챈 모든 직소들,	네가 낚아챈 모든 지기들,	용어 통일(JIGSAW/JIGGY=지기)
0AB7:0:0	HRNN...KLUNGO PUSSSH NASSTY ROCK! DON'T WORRY MISSSTRESSS, I'LL SSSAVE YOU!	흐응...클룽고 못된 바위 밀어! 걱정 마세요 미스트레스, 제가 구해 드릴게요!	흐응...클렁고 못된 바위 민다! 걱정 마세요 마님, 제가 구해 드릴게요!	이름 통일(KLUNGO=클렁고, UI와 같게) / MISTRESS=마님, 이름 통일(클렁고)
0AB8:0:0	GRNN...ROCK SSSO HEAVY, BUT KLUNGO MUSSST RESSSCUE MISSSTRESSS!	끄응...바위 너무 무거워, 근데 클룽고는 미스트레스 구해야 돼!	끄응...바위 너무 무거워요, 그래도 클렁고는 마님을 구해야 해요!	이름 통일(KLUNGO=클렁고, UI와 같게) / MISTRESS=마님, 말투 통일
0ABC:0:1	SO HURRY KLUNGO RESCUE ME!	그러니 서둘러 클룽고 날 구해!	그러니 서둘러 클렁고 날 구해!	이름 통일(KLUNGO=클렁고, UI와 같게)
0ABD:0:0	HEY...IT'S ME, MR. JIGGY! NOW GO AND FIND A PICTURE WITH A PIECE MISSING.	이봐...나야, 미스터 직소! 이제 가서 조각이 빠진 그림을 찾아봐.	이봐...나야, 미스터 지기! 이제 가서 조각이 빠진 그림을 찾아봐.	용어 통일(JIGSAW/JIGGY=지기)
0ABE:0:0	TO ENTER THE WORLD SHOWN ON THE PICTURE, YOU MUST FILL IN THE MISSING SPACES WITH THE JIGSAW PIECES.	그림에 나온 세계로 들어가려면, 빠진 공간을 직소 조각으로 채워야 해.	그림에 나온 세계로 들어가려면, 빠진 공간을 지기로 채워야 해.	용어 통일(JIGSAW/JIGGY=지기)
0ABF:0:0	TO ENTER THE WORLD SHOWN ON THE PICTURE, YOU MUST FILL IN THE MISSING SPACES WITH THE JIGSAW PIECES.	그림에 나온 세계로 들어가려면, 빠진 공간을 직소 조각으로 채워야 해.	그림에 나온 세계로 들어가려면, 빠진 공간을 지기로 채워야 해.	용어 통일(JIGSAW/JIGGY=지기)
0ABF:0:2	GREAT! TO FILL IN THE MISSING SPACES ON A PICTURE, PRESS A. IF YOU DON'T WANT TO USE ANY JIGSAW PIECES, PRESS B TO LEAVE.	좋아! 그림에 빠진 공간을 채우려면, A 눌러. 직소 조각을 쓰고 싶지 않으면, B 눌러서 나가.	좋아! 그림에 빠진 공간을 채우려면, A 눌러. 지기를 쓰고 싶지 않으면, B 눌러서 나가.	용어 통일(JIGSAW/JIGGY=지기)
0ABF:1:1	WE'VE GOT THE FIRST JIGSAW PIECE, GOGGLE BOY!	첫 번째 직소 조각 얻었어, 안경잡이!	첫 번째 지기 얻었어, 안경잡이!	용어 통일(JIGSAW/JIGGY=지기)
0AC0:0:1	GREAT! TO FILL IN THE MISSING SPACES ON A PICTURE, PRESS A. IF YOU DON'T WANT TO USE ANY JIGSAW PIECES, PRESS B TO LEAVE.	좋아! 그림에 빠진 공간을 채우려면, A 눌러. 직소 조각을 쓰고 싶지 않으면, B 눌러서 나가.	좋아! 그림에 빠진 공간을 채우려면, A 눌러. 지기를 쓰고 싶지 않으면, B 눌러서 나가.	용어 통일(JIGSAW/JIGGY=지기)
0AC0:1:0	WE'VE GOT THE FIRST JIGSAW PIECE, GOGGLE BOY!	첫 번째 직소 조각 얻었어, 안경잡이!	첫 번째 지기 얻었어, 안경잡이!	용어 통일(JIGSAW/JIGGY=지기)
0AC1:0:0	MUMBO MAGIC GET WEAK. ANIMAL TURN BACK OR MAGIC GO...	맘보 마법 약해져. 동물 원래대로 돌아오거나 마법 사라져...	멈보 마법 약해져. 동물 원래대로 돌아오거나 마법 사라져...	이름 통일(MUMBO=멈보)
0AC2:0:0	MUMBO MAGIC GET WEAK...	맘보 마법 약해져...	멈보 마법 약해져...	이름 통일(MUMBO=멈보)
0ACF:0:0	AHOY THERE! THIS BE TREASURE TROVE COVE. THAR BE TWO NEW MOVES FOR YE TO FIND.	어이! 여기가 보물섬 만이야. 네가 찾을 새 동작이 두 개 있어.	어이! 여기가 보물의 만이야. 네가 찾을 새 동작이 두 개 있어.	지명 통일(보물의 만)
0AD3:0:0	YOU'LL FIND ONE MORE MOVE IN HERE, BANJO.	여기서 동작 하나 더 찾을 거야, 밴조.	여기서 동작 하나 더 찾을 거야, 반조.	주인공 이름 통일(하스피 지정)
0AD4:0:0	WAIT! YOU DIDN'T LEARN ALL THE NEW MOVES IN MUMBO'S MOUNTAIN! YOU WON'T GET FAR WITHOUT THEM...	잠깐! 맘보의 산에서 새 동작을 다 안 배웠잖아! 그거 없이는 멀리 못 가...	잠깐! 멈보의 산에서 새 동작을 다 안 배웠잖아! 그거 없이는 멀리 못 가...	이름 통일(MUMBO=멈보)
0AD8:0:0	HOLD IT, BANJO, HADN'T YOU BETTER SLIDE BACK IN AND FIND THAT NEW MOVE?	잠깐만, 밴조, 다시 미끄러져 들어가서 그 새 동작을 찾는 게 낫지 않아?	잠깐만, 반조, 다시 미끄러져 들어가서 그 새 동작을 찾는 게 낫지 않아?	주인공 이름 통일(하스피 지정)
0AE1:0:0	YOU'VE FOUND A JIGSAW PICTURE! STAND ON THE JIGSAW SHAPED PODIUM AND I'LL EXPLAIN WHAT YOU HAVE TO DO.	직소 그림을 찾았어! 직소 모양 받침대 위에 서면 뭘 해야 할지 설명해 줄게.	지기 그림을 찾았어! 지기 모양 받침대 위에 서면 뭘 해야 할지 설명해 줄게.	용어 통일(JIGSAW/JIGGY=지기)
0AE4:0:0	THAT'S IT! THE PICTURE'S COMPLETE AND THE DOOR TO MUMBO'S MOUNTAIN IS OPEN!	바로 그거야! 그림이 완성됐고 맘보의 산으로 가는 문이 열렸어!	바로 그거야! 그림이 완성됐고 멈보의 산으로 가는 문이 열렸어!	이름 통일(MUMBO=멈보)
0AE5:0:0	THIS IS THE FIRST WORLD, MUMBO'S MOUNTAIN. TO OPEN THE DOOR YOU'LL NEED TO FIND THE JIGSAW PICTURE WITH AN IMAGE OF THIS AREA ON IT. HAVE A LOOK AROUND, IT CAN'T BE FAR AWAY.	여긴 첫 번째 세계, 맘보의 산이야. 문을 열려면 이 지역 모습이 담긴 직소 그림을 찾아야 해. 주변을 둘러봐, 멀리 있지 않을 거야.	여긴 첫 번째 세계, 멈보의 산이야. 문을 열려면 이 지역 모습이 담긴 지기 그림을 찾아야 해. 주변을 둘러봐, 멀리 있지 않을 거야.	이름 통일(MUMBO=멈보) / 용어 통일(JIGSAW/JIGGY=지기)
0AE6:0:0	THIS IS THE FIRST WORLD, MUMBO'S MOUNTAIN. COMPLETE THE JIGSAW PICTURE TO OPEN THE DOOR.	여긴 첫 번째 세계, 맘보의 산이야. 직소 그림을 완성해서 문을 열어.	여긴 첫 번째 세계, 멈보의 산이야. 지기 그림을 완성해서 문을 열어.	이름 통일(MUMBO=멈보) / 용어 통일(JIGSAW/JIGGY=지기)
0AE7:0:0	WHAT'S WRONG BANJO, IS IT TOUGH?	뭐가 문제야 밴조, 힘들어?	뭐가 문제야 반조, 힘들어?	주인공 이름 통일(하스피 지정)
0AE9:0:0	CODE IS '{FD}hBLUEEGGS{FD}l'. ENTER CODE ON SANDCASTLE FLOOR IN TREASURE TROVE COVE. EGGCITING SURPRISE AWAITS!	코드는 '{FD}hBLUEEGGS{FD}l'이야. 보물섬 만 모래성 바닥에 코드를 입력해. 알찬 놀라움이 기다려!	코드는 '{FD}hBLUEEGGS{FD}l'이야. 보물의 만 모래성 바닥에 코드를 입력해. 알찬 놀라움이 기다려!	지명 통일(보물의 만)
0AEA:0:0	ENTER '{FD}hREDFEATHERS{FD}l' CODE ON SANDCASTLE FLOOR IN TREASURE TROVE COVE. BIRD LIKE THIS ONE!	보물섬 만 모래성 바닥에 '{FD}hREDFEATHERS{FD}l' 코드를 입력해. 새가 이걸 좋아할걸!	보물의 만 모래성 바닥에 '{FD}hREDFEATHERS{FD}l' 코드를 입력해. 새가 이걸 좋아할걸!	지명 통일(보물의 만)
0AEB:0:0	BEAT WITCH BEAR WILL IF ENTER '{FD}hGOLDFEATHERS{FD}l' CODE ON SANDCASTLE FLOOR IN TREASURE TROVE COVE.	보물섬 만 모래성 바닥에 '{FD}hGOLDFEATHERS{FD}l' 코드를 입력하면 곰이 마녀를 이길 거야.	보물의 만 모래성 바닥에 '{FD}hGOLDFEATHERS{FD}l' 코드를 입력하면 곰이 마녀를 이길 거야.	지명 통일(보물의 만)
0AED:0:0	HEY BANJO, YOU'RE LOOKING GLUM,	이봐 밴조, 우울해 보이네,	이봐 반조, 우울해 보이네,	주인공 이름 통일(하스피 지정)
0AF4:0:0	YOU SIDE WITH BANJO BUT CHANGE TACK,	밴조 편을 들다가 마음 바꾸면,	반조 편을 들다가 마음 바꾸면,	주인공 이름 통일(하스피 지정)
0B0B:0:5	ONLY ONE SPELL CHEATO CAN TELL. ENTER THE CODE '~' ON SANDCASTLE FLOOR IN TREASURE TROVE COVE WORLD. HELP YOU IT WILL!	치토가 알려 줄 수 있는 건 주문 하나뿐. 트레저 트로브 코브 세계의 모래성 바닥에서 코드 '~'를 입력하거라. 도움이 될 것이다!	치토가 알려 줄 수 있는 건 주문 하나뿐. 보물의 만 세계의 모래성 바닥에서 코드 '~'를 입력하거라. 도움이 될 것이다!	지명 통일(TREASURE TROVE COVE=보물의 만, UI와 같게)
0B0C:0:3	NASTY WITCH IS, SO CODE I SHALL TELL. ENTER '~' ON SANDCASTLE FLOOR IN TREASURE TROVE COVE!	못된 마녀구나, 그러니 코드를 알려 주마. 트레저 트로브 코브의 모래성 바닥에서 '~'를 입력하거라!	못된 마녀구나, 그러니 코드를 알려 주마. 보물의 만의 모래성 바닥에서 '~'를 입력하거라!	지명 통일(TREASURE TROVE COVE=보물의 만, UI와 같게)
0B0D:0:3	FIND CHEATO WITCH WON'T! CODE YOU MUST ENTER ON SANDCASTLE FLOOR IN TREASURE TROVE IS '~'!	마녀는 치토를 찾지 못할 것이다! 트레저 트로브의 모래성 바닥에 입력해야 할 코드는 '~'다!	마녀는 치토를 찾지 못할 것이다! 보물의 만의 모래성 바닥에 입력해야 할 코드는 '~'다!	지명 통일(보물의 만)
0B0F:0:0	BEAR AND BIRD GET 100 RED FEATHERS. 100 MAXIMUM NOW IS!	곰과 새가 붉은 깃털 100개를 얻는다. 최대치도 이제 100개다!	곰과 새가 빨간 깃털 100개를 얻는다. 최대치도 이제 100개다!	용어 통일(RED FEATHER=빨간 깃털)
0B13:1:4	ERRR, SHE SAID THAT WE'RE LOOKING FOR GRUNTILDA, DO YOU KNOW WHERE SHE IS?	저기, 우리가 그런틸다를 찾고 있다고 전했는데, 어디 있는지 알아?	저기, 얘 말은 우리가 그런틸다를 찾고 있다는 거야. 어디 있는지 알아?	뜻 바로잡음(SHE SAID = 카주이가 한 말 풀이)
0B22:0:0	OH...YOU HAVEN'T GOT ANY JIGSAW PIECES LEFT, YOU'LL HAVE TO GO AND FIND SOME MORE!	아... 남은 퍼즐 조각이 없구나, 가서 더 찾아와야겠어!	아... 남은 지기가 없구나, 가서 더 찾아와야겠어!	용어 통일(JIGSAW PIECE=지기)
0B23:0:0	YOU'VE FOUND SOME NOTES, BUT YOU NEED MORE,	악보를 좀 찾았지만, 더 필요하지,	음표를 좀 찾았지만, 더 필요하지,	용어 통일(NOTE=음표)
0B24:0:1	OR YOUR GAME PAK I'LL ERASE!	아니면 네 게임 팩을 지워 버릴 테다!	아니면 네 게임팩을 지워 버릴 테다!	용어 통일(게임팩)
0B25:0:1	SO NOW YOUR GAME PAK IS ERASED!	그러니 이제 네 게임 팩은 지워졌다!	그러니 이제 네 게임팩은 지워졌다!	용어 통일(게임팩)
0B5A:0:0	WHILE SIPPING A GLASS OF HER FAVORITE ~!	그녀가 좋아하는 ~ 한 잔을 홀짝이면서 말이야!	그 여자가 좋아하는 ~ 한 잔을 홀짝이면서 말이야!	'그녀' 번역투 정리(브렌틸다 말투 통일)
0B5D:0:0	SHE OFTEN BOASTS OF APPEARING ON THE COVER OF FAT HAG MONTHLY, ~!	<뚱보 마녀 먼슬리> 표지에 나왔다고 종종 자랑하는데, ~라나!	'뚱보 마녀 월간지' 표지에 나왔다고 종종 자랑하는데, ~라나!	글꼴에 없는 < > 대신 ' ', 잡지 이름 다듬음
0B5F:0:0	THIS POOR GUY CALLED ~, WAS HER FIRST AND ONLY BOYFRIEND!	~라는 이름의 이 불쌍한 녀석이, 그녀의 처음이자 유일한 남자친구였다!	~라는 이름의 이 불쌍한 녀석이, 그 여자의 처음이자 유일한 남자친구였다!	'그녀' 번역투 정리
0BBB:0:2	GO BACK RIGHT NOW OR TASTE MY BOOT!	지금 당장 돌아가라, 아니면 내 발부리 맛을 볼 테니!	지금 당장 돌아가라, 아니면 내 장화 맛을 볼 테니!	BOOT=장화(다른 줄과 같게)
0BE1:0:0	THAT LAST JINJO HAS FINISHED ME,	그 마지막 징조가 날 끝장냈지만,	그 마지막 진조가 날 끝장냈지만,	이름 통일(JINJO=진조)
0BEC:0:1	RHYS 'LOCKUP' LEWIS	리스 '락업' 루이스	리스 '록업' 루이스	이름 통일(LOCKUP=록업, UI와 같게)
0BEF:0:1	ED 'JINJO' BRYAN	에드 '징조' 브라이언	에드 '진조' 브라이언	이름 통일(JINJO=진조)
0BF0:0:1	STEVEN 'SANDYBUTT' HURST	스티븐 '샌디벗' 허스트	스티븐 '모래엉덩이' 허스트	별명 통일(SANDYBUTT=모래엉덩이, 093D 대사와 같게)
0BF2:0:1	CHRIS 'CHOMPA' PEIL	크리스 '촘파' 페일	크리스 '참파' 페일	이름 통일(CHOMPA=참파, UI와 같게)
0BF5:0:1	STEVEN 'SHRAPNEL' BRAND	스티븐 '슈래플' 브랜드	스티븐 '슈래프널' 브랜드	이름 통일(SHRAPNEL=슈래프널, UI와 같게)
0BF5:0:4	STEVE 'MR. VILE' MALPASS	스티브 '미스터 바일' 말패스	스티브 '바일 씨' 말패스	이름 통일(MR. VILE=바일 씨)
0BF5:0:8	ANDREW 'WHIPLASH' WILSON	앤드루 '위플래시' 윌슨	앤드루 '휩래시' 윌슨	이름 통일(WHIPLASH=휩래시, UI와 같게)
0BF6:0:1	TODD 'BIGBUTT' BUECHELE	토드 '빅벗' 뷰첼	토드 '빅버트' 뷰첼	이름 통일(BIGBUTT=빅버트, UI와 같게)
0BF6:0:3	KYLE 'CHINKER' CARLSON	카일 '칭커' 칼슨	카일 '친커' 칼슨	이름 통일(CHINKER=친커, UI와 같게)
0BF6:0:4	BRENT 'BOOM BOX' CLEARMAN	브렌트 '붐박스' 클리어먼	브렌트 '붐 박스' 클리어먼	이름 통일(BOOM BOX=붐 박스, UI와 같게)
0BF6:0:5	SEAN 'EYRIE' EGAN	숀 '아이리' 이건	숀 '에이리' 이건	이름 통일(EYRIE=에이리, UI와 같게)
0BF6:0:8	MICHAEL 'KLUNGO' KELBAUGH	마이클 '클룽고' 켈보	마이클 '클렁고' 켈보	이름 통일(KLUNGO=클렁고, UI와 같게)
0BFB:0:2	MR. 'MUMBO-JUMBO' ARAKAWA	'멈보점보' 아라카와 씨	'멈보 점보' 아라카와 씨	이름 통일(MUMBO JUMBO=멈보 점보, UI와 같게)
0C04:Q:1	WHICH COLOR JINJO IS A FAKE?	어느 색 징조가 가짜지?	어느 색 진조가 가짜지?	이름 통일(JINJO=진조)
0C07:Q:0	IN SPIRAL MOUNTAIN FIELDS ARE GREEN,	스파이럴 마운틴 들판은 초록빛,	나선산 들판은 초록빛,	지명 통일(SPIRAL MOUNTAIN=나선산, UI와 같게)
0C08:Q:0	SPIRAL MOUNTAIN'S GOT MY FACE,	스파이럴 마운틴엔 내 얼굴이 있지,	나선산엔 내 얼굴이 있지,	지명 통일(SPIRAL MOUNTAIN=나선산, UI와 같게)
0C0A:Q:0	MUMBO'S MOUNTAIN IS EASY FOR SURE,	멈보 마운틴은 당연히 쉽지,	멈보의 산은 당연히 쉽지,	지명 통일(MUMBO'S MOUNTAIN=멈보의 산, UI와 같게)
0C0A:Q:1	HOW MANY JIGSAWS OPEN ITS DOOR?	문을 여는 직소 조각은 몇 개?	문을 여는 지기는 몇 개?	용어 통일(JIGSAW/JIGGY=지기)
0C0C:Q:0	IN MUMBO'S MOUNTAIN YOU DON'T KNOW,	멈보 마운틴에서 넌 모르지,	멈보의 산에서 넌 모르지,	지명 통일(MUMBO'S MOUNTAIN=멈보의 산, UI와 같게)
0C0D:Q:1	ON MUMBO'S MOUNTAIN WHAT'S INSIDE?	멈보 마운틴 안엔 뭐가 있지?	멈보의 산 안엔 뭐가 있지?	지명 통일(MUMBO'S MOUNTAIN=멈보의 산, UI와 같게)
0C0E:Q:0	ON MUMBO'S MOUNTAIN IT'S NOT DULL,	멈보 마운틴은 지루하지 않지,	멈보의 산은 지루하지 않지,	지명 통일(MUMBO'S MOUNTAIN=멈보의 산, UI와 같게)
0C0F:Q:0	ON MUMBO'S MOUNTAIN, SURROUNDED BY SEA,	바다로 둘러싸인 멈보 마운틴,	바다로 둘러싸인 멈보의 산,	지명 통일(MUMBO'S MOUNTAIN=멈보의 산, UI와 같게)
0C0F:Q:1	THERE'S A JINJO, WHAT COLOR IS HE?	거기 징조가 있는데, 무슨 색이지?	거기 진조가 있는데, 무슨 색이지?	이름 통일(JINJO=진조)
0C10:Q:0	ON MUMBO'S MOUNTAIN IN THE LAKE,	멈보 마운틴 호수 안에는,	멈보의 산 호수 안에는,	지명 통일(MUMBO'S MOUNTAIN=멈보의 산, UI와 같게)
0C11:Q:0	ON MUMBO'S MOUNTAIN, THEY LOOK FLASH,	멈보 마운틴, 번쩍거려 보이지,	멈보의 산, 번쩍거려 보이지,	지명 통일(MUMBO'S MOUNTAIN=멈보의 산, UI와 같게)
0C12:Q:0	MUMBO'S MOUNTAIN IS A THRILLER,	멈보 마운틴은 짜릿하지,	멈보의 산은 짜릿하지,	지명 통일(MUMBO'S MOUNTAIN=멈보의 산, UI와 같게)
0C13:Q:0	MUMBO'S MOUNTAIN, BOTTLES IS THERE,	멈보 마운틴엔 보틀즈가 있지,	멈보의 산엔 보틀스가 있지,	지명 통일(MUMBO'S MOUNTAIN=멈보의 산, UI와 같게) / 이름 통일(BOTTLES=보틀스)
0C14:Q:0	TREASURE TROVE COVE HAD A FEATURE,	트레저 트로브 코브에는 특별한 게 있었지,	보물의 만에는 특별한 게 있었지,	지명 통일(TREASURE TROVE COVE=보물의 만, UI와 같게)
0C15:Q:0	JINJOS ARE A CRAFTY LOT,	징조들은 꾀가 많지,	진조들은 꾀가 많지,	이름 통일(JINJO=진조)
0C15:Q:1	ON TREASURE COVE WHERE ARE THEY NOT?	트레저 코브에서 없는 곳은?	보물의 만에서 없는 곳은?	지명 통일(보물의 만)
0C16:Q:0	TREASURE TROVE'S GOT CAP'N BLUBBER,	트레저 트로브엔 선장 블러버가 있지,	보물의 만엔 블러버 선장이 있지,	지명 통일(보물의 만) / 이름 통일(CAPTAIN BLUBBER=블러버 선장)
0C17:Q:0	IN TREASURE TROVE YOU NEED QUICK LEGS,	트레저 트로브에선 빠른 다리가 필요하지,	보물의 만에선 빠른 다리가 필요하지,	지명 통일(보물의 만)
0C17:Q:2	YUM-YUM THE CLAM	조개 염염	조개 얌얌	이름 통일(YUM-YUM=얌얌, UI와 같게)
0C17:Q:3	LOCKUP THE TREASURE CHEST	보물상자 락업	보물상자 록업	이름 통일(LOCKUP=록업, UI와 같게)
0C18:Q:0	IN TREASURE TROVE WITHIN THIS GAME,	이 게임 속 트레저 트로브,	이 게임 속 보물의 만,	지명 통일(보물의 만)
0C19:Q:1	ON TREASURE TROVE COVE WAS FIRST FOUND?	트레저 트로브 코브에서 처음 발견된 건?	보물의 만에서 처음 발견된 건?	지명 통일(TREASURE TROVE COVE=보물의 만, UI와 같게)
0C19:Q:2	RED FEATHERS	붉은 깃털	빨간 깃털	용어 통일(RED FEATHER=빨간 깃털)
0C1A:Q:0	ON TREASURE TROVE THERE IS A BOAT,	트레저 트로브엔 배가 하나 있지,	보물의 만엔 배가 하나 있지,	지명 통일(보물의 만)
0C1B:Q:1	ON TREASURE TROVE WHAT'S HIS NAME?	트레저 트로브에서 그 이름은?	보물의 만에서 그 이름은?	지명 통일(보물의 만)
0C1C:Q:0	TREASURE TROVE'S GOT A TREASURE HUNT,	트레저 트로브엔 보물찾기가 있지,	보물의 만엔 보물찾기가 있지,	지명 통일(보물의 만)
0C1D:Q:0	TREASURE TROVE'S SANDCASTLE FLOOR,	트레저 트로브 모래성 바닥엔,	보물의 만 모래성 바닥엔,	지명 통일(보물의 만)
0C28:Q:0	IN BUBBLEGLOOP SWAMP'S GIANT EGG,	버블글룹 늪지의 거대한 알 속엔,	보글늪의 거대한 알 속엔,	지명 통일(BUBBLEGLOOP SWAMP=보글늪, UI와 같게)
0C28:Q:3	A JIGSAW PIECE	직소 조각	지기	용어 통일(JIGSAW/JIGGY=지기)
0C29:Q:0	IN BUBBLEGLOOP SWAMP'S MARSHY MOUND,	버블글룹 늪지의 늪지 둔덕에서,	보글늪의 늪지 둔덕에서,	지명 통일(BUBBLEGLOOP SWAMP=보글늪, UI와 같게)
0C2A:Q:0	BUBBLEGLOOP'S TURTLE OPENS WIDE,	버블글룹의 거북이는 입을 크게 벌리지,	보글늪의 거북이는 입을 크게 벌리지,	지명 통일(보글늪)
0C2B:Q:0	BUBBLEGLOOP SWAMP WILL TEST YOUR MIND,	버블글룹 늪지는 네 머리를 시험하지,	보글늪은 네 머리를 시험하지,	지명 통일(BUBBLEGLOOP SWAMP=보글늪, UI와 같게)
0C2C:Q:0	BUBBLEGLOOP SWAMP HIDES A TREAT,	버블글룹 늪지엔 별미가 숨어 있지,	보글늪엔 별미가 숨어 있지,	지명 통일(BUBBLEGLOOP SWAMP=보글늪, UI와 같게)
0C2D:Q:0	IN BUBBLEGLOOP SWAMP TELL ME NOW,	버블글룹 늪지에 대해 말해 봐,	보글늪에 대해 말해 봐,	지명 통일(BUBBLEGLOOP SWAMP=보글늪, UI와 같게)
0C2D:Q:2	BOTTLES TEACHES YOU TWO NEW MOVES 	보틀즈가 새 기술을 두 가지 가르쳐 준다	보틀스가 새 기술을 두 가지 가르쳐 준다	이름 통일(BOTTLES=보틀스)
0C2E:Q:0	IN BUBBLEGLOOP SWAMP, THERE'S NO DOUBT,	버블글룹 늪지엔, 의심의 여지 없이,	보글늪엔, 의심의 여지 없이,	지명 통일(BUBBLEGLOOP SWAMP=보글늪, UI와 같게)
0C2F:Q:1	THE FROGS' NAME IN BUBBLEGLOOP SWAMP?	버블글룹 늪지의 개구리 이름은?	보글늪의 개구리 이름은?	지명 통일(BUBBLEGLOOP SWAMP=보글늪, UI와 같게)
0C30:Q:0	THE CROCODILES IN BUBBLEGLOOP SWAMP,	버블글룹 늪지의 악어들,	보글늪의 악어들,	지명 통일(BUBBLEGLOOP SWAMP=보글늪, UI와 같게)
0C30:Q:3	YUMYUMS AND BUMBUMS	염염과 범범	얌얌과 범범	이름 통일(YUM-YUM=얌얌, UI와 같게)
0C31:Q:0	BUBBLEGLOOP TURTLE CHOIR IS SWELL,	버블글룹의 거북이 합창단은 멋지지,	보글늪의 거북이 합창단은 멋지지,	지명 통일(보글늪)
0C32:Q:0	FREEZEEZY PEAK IS FULL OF SNOW,	프리지지 피크는 눈으로 가득하지,	프리지피크는 눈으로 가득하지,	지명 통일(FREEZEEZY PEAK=프리지피크, UI와 같게)
0C33:Q:0	ON FREEZEEZY PEAK YOU HAVE BEEN,	프리지지 피크에 가 봤지만,	프리지피크에 가 봤지만,	지명 통일(FREEZEEZY PEAK=프리지피크, UI와 같게)
0C34:Q:0	HERE'S THREE FACTS ON FREEZEEZY PEAK,	프리지지 피크에 대한 세 가지 사실,	프리지피크에 대한 세 가지 사실,	지명 통일(FREEZEEZY PEAK=프리지피크, UI와 같게)
0C35:Q:0	FREEZEEZY BEARS ARE RATHER SAD,	프리지지의 곰들은 꽤 슬프지,	프리지피크의 곰들은 꽤 슬프지,	지명 통일(프리지피크)
0C36:Q:0	FREEZEEZY SNOWMAN'S GIANT SCARF,	프리지지 눈사람의 거대한 목도리,	프리지피크 눈사람의 거대한 목도리,	지명 통일(프리지피크)
0C37:Q:0	FREEZEEZY PEAK IS RATHER COLD,	프리지지 피크는 꽤 춥지,	프리지피크는 꽤 춥지,	지명 통일(FREEZEEZY PEAK=프리지피크, UI와 같게)
0C38:Q:0	BOGGY BEAR IS FREEZEEZY'S CLOT,	보기 베어는 프리지지의 골칫덩이,	보기 베어는 프리지피크의 골칫덩이,	지명 통일(프리지피크)
0C38:Q:1	HOW MANY JIGSAWS HAS HE GOT?	직소 조각을 몇 개나 가졌지?	지기를 몇 개나 가졌지?	용어 통일(JIGSAW/JIGGY=지기)
0C39:Q:0	FREEZEEZY'S SLALOM COURSE IS CRASS,	프리지지의 슬라럼 코스는 거칠지,	프리지피크의 슬라럼 코스는 거칠지,	지명 통일(프리지피크)
0C3A:Q:0	FREEZEEZY'S IGLOO ISN'T SQUARE,	프리지지의 이글루는 네모나지 않지,	프리지피크의 이글루는 네모나지 않지,	지명 통일(프리지피크)
0C3B:Q:0	THE WALRUS ON FREEZEEZY PEAK,	프리지지 피크의 바다코끼리,	프리지피크의 바다코끼리,	지명 통일(FREEZEEZY PEAK=프리지피크, UI와 같게)
0C3E:Q:1	WHO HIDES A JIGSAW IN THE SAND?	모래 속에 직소를 숨긴 건 누구지?	모래 속에 지기를 숨긴 건 누구지?	용어 통일(JIGSAW/JIGGY=지기)
0C3F:Q:2	AN EXTRA HONEYCOMB PIECE	여분의 허니콤 조각	여분의 벌집 조각	용어 통일(HONEYCOMB=벌집)
0C3F:Q:3	A JIGSAW	직소	지기	용어 통일(JIGSAW/JIGGY=지기)
0C42:Q:2	AN EXTRA HONEYCOMB PIECE	여분의 허니콤 조각	여분의 벌집 조각	용어 통일(HONEYCOMB=벌집)
0C42:Q:3	A JIGSAW PIECE	직소 조각	지기	용어 통일(JIGSAW/JIGGY=지기)
0C43:Q:4	JINJO	징조	진조	이름 통일(JINJO=진조)
0C48:Q:0	MAD MONSTER MANSION IS REAL HARD,	매드 몬스터 맨션은 정말 어렵지,	미친 괴물 저택은 정말 어렵지,	지명 통일(MAD MONSTER MANSION=미친 괴물 저택, UI와 같게)
0C49:Q:0	MAD MONSTER MANSION'S GRAVEYARD POTS,	매드 몬스터 맨션의 묘지 항아리,	미친 괴물 저택의 묘지 항아리,	지명 통일(MAD MONSTER MANSION=미친 괴물 저택, UI와 같게)
0C4B:Q:0	MONSTER MANSION GIVES YOU A SCARE,	몬스터 맨션은 섬뜩하지,	괴물 저택은 섬뜩하지,	지명 통일(미친 괴물 저택)
0C4B:Q:2	RED FEATHERS	붉은 깃털	빨간 깃털	용어 통일(RED FEATHER=빨간 깃털)
0C4B:Q:3	JINJO	징조	진조	이름 통일(JINJO=진조)
0C4B:Q:4	JIGSAW PIECE	직소 조각	지기	용어 통일(JIGSAW/JIGGY=지기)
0C4C:Q:1	IN MONSTER MANSION WHICH IS IT?	몬스터 맨션에서 그게 어디지?	괴물 저택에서 그게 어디지?	지명 통일(미친 괴물 저택)
0C4E:Q:0	PART OF MONSTER MANSION'S RACE,	몬스터 맨션 일족 중 하나,	괴물 저택 일족 중 하나,	지명 통일(미친 괴물 저택)
0C4F:Q:0	IN MONSTER MANSION YOU CAN CREEP,	몬스터 맨션에선 살금살금 다닐 수 있지,	괴물 저택에선 살금살금 다닐 수 있지,	지명 통일(미친 괴물 저택)
0C50:Q:0	RUSTY BAY'S CRANE HANGS OVER THE SIDE,	러스티 베이의 기중기가 옆으로 걸려 있지,	녹슨 양동이 만의 기중기가 옆으로 걸려 있지,	지명 통일(녹슨 양동이 만)
0C51:Q:0	THE BOX IN THE HOLD OF RUSTY BAY,	러스티 베이 화물칸의 상자,	녹슨 양동이 만 화물칸의 상자,	지명 통일(녹슨 양동이 만)
0C52:Q:0	THE GALLEY FRIDGE IN RUSTY BAY,	러스티 베이의 갤리 냉장고,	녹슨 양동이 만의 갤리 냉장고,	지명 통일(녹슨 양동이 만)
0C52:Q:4	RED FEATHERS	붉은 깃털	빨간 깃털	용어 통일(RED FEATHER=빨간 깃털)
0C53:Q:0	THE RUSTY BUCKET IS A TANKER,	러스티 버킷은 탱커선이지,	녹슨 양동이 만은 탱커선이지,	지명 통일(녹슨 양동이 만)
0C54:Q:0	IN RUSTY BAY YOU ACT THE CLOWN,	러스티 베이에서 넌 광대짓을 하지,	녹슨 양동이 만에서 넌 광대짓을 하지,	지명 통일(녹슨 양동이 만)
0C55:Q:0	HERE'S THREE FACTS ABOUT RUSTY BAY,	러스티 베이에 대한 세 가지 사실,	녹슨 양동이 만에 대한 세 가지 사실,	지명 통일(녹슨 양동이 만)
0C56:Q:0	IN RUSTY BAY YOU MAY HAVE BEEN,	러스티 베이에 가 봤을지도 모르지만,	녹슨 양동이 만에 가 봤을지도 모르지만,	지명 통일(녹슨 양동이 만)
0C57:Q:1	RUSTY BAY'S WHISTLES, WHAT'S THE CODE?	러스티 베이 호루라기 암호는?	녹슨 양동이 만 호루라기 암호는?	지명 통일(녹슨 양동이 만)
0C58:Q:0	CAPTAIN'S CABIN IN RUSTY BAY,	러스티 베이의 선장실,	녹슨 양동이 만의 선장실,	지명 통일(녹슨 양동이 만)
0C59:Q:3	A JIGSAW PIECE	직소 조각	지기	용어 통일(JIGSAW/JIGGY=지기)
0C5A:Q:0	IN CLICK CLOCK WOOD HE'S THE KING,	클릭 클록 숲에서 그는 왕이지,	똑딱똑딱 숲에서 그는 왕이지,	지명 통일(CLICK CLOCK WOOD=똑딱똑딱 숲, UI와 같게)
0C5C:Q:0	IN CLICK CLOCK WOOD THE EAGLE'S LAME,	클릭 클록 숲의 독수리는 변변찮지,	똑딱똑딱 숲의 독수리는 변변찮지,	지명 통일(CLICK CLOCK WOOD=똑딱똑딱 숲, UI와 같게)
0C5C:Q:2	EYRIE	아이리	에이리	이름 통일(EYRIE=에이리, UI와 같게)
0C5D:Q:0	IN CLICK CLOCK WOOD THE SHAMAN'S DUMB,	클릭 클록 숲의 주술사는 멍청하지,	똑딱똑딱 숲의 주술사는 멍청하지,	지명 통일(CLICK CLOCK WOOD=똑딱똑딱 숲, UI와 같게)
0C5E:Q:0	THE GIANT PLANT IN CLICK CLOCK WOOD,	클릭 클록 숲의 거대한 식물,	똑딱똑딱 숲의 거대한 식물,	지명 통일(CLICK CLOCK WOOD=똑딱똑딱 숲, UI와 같게)
0C5F:Q:0	IN CLICK CLOCK WOOD I'VE NO DOUBT,	클릭 클록 숲엔 의심의 여지 없이,	똑딱똑딱 숲엔 의심의 여지 없이,	지명 통일(CLICK CLOCK WOOD=똑딱똑딱 숲, UI와 같게)
0C60:Q:0	CLICK CLOCK WOOD'S WINTER IS DULL,	클릭 클록 숲의 겨울은 지루하지,	똑딱똑딱 숲의 겨울은 지루하지,	지명 통일(CLICK CLOCK WOOD=똑딱똑딱 숲, UI와 같게)
0C61:Q:0	THE CLICK CLOCK EAGLE THAT YOU MEET,	클릭 클록의 독수리를 만나면,	똑딱똑딱 숲의 독수리를 만나면,	지명 통일(똑딱똑딱 숲)
0C62:Q:0	IN CLICK CLOCK WOOD A BIG OAK GREW,	클릭 클록 숲엔 큰 떡갈나무가 자랐지,	똑딱똑딱 숲엔 큰 떡갈나무가 자랐지,	지명 통일(CLICK CLOCK WOOD=똑딱똑딱 숲, UI와 같게)
0C63:Q:0	CLICK CLOCK'S BEAVER IS REALLY DUMB,	클릭 클록의 비버는 정말 멍청하지,	똑딱똑딱 숲의 비버는 정말 멍청하지,	지명 통일(똑딱똑딱 숲)
0C64:Q:1	MUMBO'S MOUNTAIN	멈보 마운틴	멈보의 산	지명 통일(MUMBO'S MOUNTAIN=멈보의 산, UI와 같게)
0C64:Q:2	BUBBLEGLOOP SWAMP	버블글룹 늪지	보글늪	지명 통일(BUBBLEGLOOP SWAMP=보글늪, UI와 같게)
0C64:Q:3	CLICK CLOCK WOOD	클릭 클록 숲	똑딱똑딱 숲	지명 통일(CLICK CLOCK WOOD=똑딱똑딱 숲, UI와 같게)
0C65:Q:1	TREASURE TROVE COVE	트레저 트로브 코브	보물의 만	지명 통일(TREASURE TROVE COVE=보물의 만, UI와 같게)
0C65:Q:2	MUMBO'S MOUNTAIN	멈보 마운틴	멈보의 산	지명 통일(MUMBO'S MOUNTAIN=멈보의 산, UI와 같게)
0C65:Q:3	CLICK CLOCK WOOD	클릭 클록 숲	똑딱똑딱 숲	지명 통일(CLICK CLOCK WOOD=똑딱똑딱 숲, UI와 같게)
0C66:Q:2	RUSTY BUCKET BAY	러스티 버킷 베이	녹슨 양동이 만	지명 통일(RUSTY BUCKET BAY=녹슨 양동이 만, UI와 같게)
0C67:Q:1	BUBBLEGLOOP SWAMP	버블글룹 늪지	보글늪	지명 통일(BUBBLEGLOOP SWAMP=보글늪, UI와 같게)
0C67:Q:3	CLICK CLOCK WOOD	클릭 클록 숲	똑딱똑딱 숲	지명 통일(CLICK CLOCK WOOD=똑딱똑딱 숲, UI와 같게)
0C68:Q:1	FREEZEEZY PEAK	프리지지 피크	프리지피크	지명 통일(FREEZEEZY PEAK=프리지피크, UI와 같게)
0C68:Q:2	CLICK CLOCK WOOD	클릭 클록 숲	똑딱똑딱 숲	지명 통일(CLICK CLOCK WOOD=똑딱똑딱 숲, UI와 같게)
0C98:Q:2	TURBO TALON TROT	터보＿탈론＿트롯	터보＿탤런＿트롯	기술 이름 통일(TALON TROT=탤런 트롯)
0C98:Q:3	WONDER WING	원더＿윙	원더윙	기술 이름 통일(WONDERWING=원더윙)
0C99:Q:3	TURBO TALON TROT	터보＿탈론＿트롯	터보＿탤런＿트롯	기술 이름 통일(TALON TROT=탤런 트롯)
0C9A:Q:2	WONDER WING	원더＿윙	원더윙	기술 이름 통일(WONDERWING=원더윙)
0CAA:Q:0	REMEMBER NOW BEFORE YOU LOSE,	지기＿전에＿기억해＿봐,	패하기 전에 기억해 봐,	'지기 전에'가 아이템 이름 지기와 헷갈림
C:12AB8	PRESS A TO PLAY THE GAME OR Z TO ERASE IT!	A버튼으로 게임을 시작하거나 Z버튼으로 삭제하세요!	A버튼: 게임 시작, Z버튼: 삭제!	UI는 원문 길이(42바이트) 이하여야 함 — 넘치면 끝 글자가 깨짐(스샷 '삭제하세있ㅌ')
C:12B34	 JIGSAW	 직소	 지기	용어 통일(JIGSAW/JIGGY=지기)
C:12B64	: EMPTY	: 비어있음	: 없음	UI 원문 길이(7바이트) 이하 — '비어있음'이 넘쳐 다음 줄에 '음'이 붙음
C:14FB0	RETURN TO GAME	게임으로 돌아가기	게임 계속하기	UI 원문 길이(14바이트) 이하
C:15154	A - YES, B - NO	A - 예, B - 아니오	A:예 B:아니오	UI 원문 길이(15바이트) 이하
C:15574	GRUBLIN	그러블린	그러블	UI 원문 길이(7바이트) 이하
C:155F4	CROCTUS	크록터스	크록터	UI 원문 길이(7바이트) 이하
C:15750	THE ZUBBAS	저바스	주바들	이름 통일(ZUBBAS=주바, 대사와 같게)
